SEASON_YEAR,TEAM_ABBREVIATION,GAME_DATE,WL,MIN,FGM,FGA,FG_PCT,FG3M,FG3A,FG3_PCT,FTM,FTA,FT_PCT,OREB,DREB,REB,AST,TOV,STL,BLK,BLKA,PF,PFD,PTS,PLUS_MINUS,NBA_FANTASY_PTS,DD2,TD3,WNBA_FANTASY_PTS,GP_RANK,W_RANK,L_RANK,W_PCT_RANK,MIN_RANK,FGM_RANK,FGA_RANK,FG_PCT_RANK,FG3M_RANK,FG3A_RANK,FG3_PCT_RANK,FTM_RANK,FTA_RANK,FT_PCT_RANK,OREB_RANK,DREB_RANK,REB_RANK,AST_RANK,TOV_RANK,STL_RANK,BLK_RANK,BLKA_RANK,PF_RANK,PFD_RANK,PTS_RANK,PLUS_MINUS_RANK,NBA_FANTASY_PTS_RANK,DD2_RANK,TD3_RANK,WNBA_FANTASY_PTS_RANK,AVAILABLE_FLAG,E_OFF_RATING,OFF_RATING,sp_work_OFF_RATING,E_DEF_RATING,DEF_RATING,sp_work_DEF_RATING,E_NET_RATING,NET_RATING,sp_work_NET_RATING,AST_PCT,AST_TO,AST_RATIO,OREB_PCT,DREB_PCT,REB_PCT,TM_TOV_PCT,E_TOV_PCT,EFG_PCT,TS_PCT,USG_PCT,E_USG_PCT,E_PACE,PACE,PACE_PER40,sp_work_PACE,PIE,POSS,FGM_PG,FGA_PG,E_OFF_RATING_RANK,OFF_RATING_RANK,sp_work_OFF_RATING_RANK,E_DEF_RATING_RANK,DEF_RATING_RANK,sp_work_DEF_RATING_RANK,E_NET_RATING_RANK,NET_RATING_RANK,sp_work_NET_RATING_RANK,AST_PCT_RANK,AST_TO_RANK,AST_RATIO_RANK,OREB_PCT_RANK,DREB_PCT_RANK,REB_PCT_RANK,TM_TOV_PCT_RANK,E_TOV_PCT_RANK,EFG_PCT_RANK,TS_PCT_RANK,USG_PCT_RANK,E_USG_PCT_RANK,E_PACE_RANK,PACE_RANK,sp_work_PACE_RANK,PIE_RANK,FGM_PG_RANK,FGA_PG_RANK,PCT_FGM,PCT_FGA,PCT_FG3M,PCT_FG3A,PCT_FTM,PCT_FTA,PCT_OREB,PCT_DREB,PCT_REB,PCT_AST,PCT_TOV,PCT_STL,PCT_BLK,PCT_BLKA,PCT_PF,PCT_PFD,PCT_PTS,PCT_FGM_RANK,PCT_FGA_RANK,PCT_FG3M_RANK,PCT_FG3A_RANK,PCT_FTM_RANK,PCT_FTA_RANK,PCT_OREB_RANK,PCT_DREB_RANK,PCT_REB_RANK,PCT_AST_RANK,PCT_TOV_RANK,PCT_STL_RANK,PCT_BLK_RANK,PCT_BLKA_RANK,PCT_PF_RANK,PCT_PFD_RANK,PCT_PTS_RANK,PCT_FGA_2PT,PCT_FGA_3PT,PCT_PTS_2PT,PCT_PTS_2PT_MR,PCT_PTS_3PT,PCT_PTS_FB,PCT_PTS_FT,PCT_PTS_OFF_TOV,PCT_PTS_PAINT,PCT_AST_2PM,PCT_UAST_2PM,PCT_AST_3PM,PCT_UAST_3PM,PCT_AST_FGM,PCT_UAST_FGM,PCT_FGA_2PT_RANK,PCT_FGA_3PT_RANK,PCT_PTS_2PT_RANK,PCT_PTS_2PT_MR_RANK,PCT_PTS_3PT_RANK,PCT_PTS_FB_RANK,PCT_PTS_FT_RANK,PCT_PTS_OFF_TOV_RANK,PCT_PTS_PAINT_RANK,PCT_AST_2PM_RANK,PCT_UAST_2PM_RANK,PCT_AST_3PM_RANK,PCT_UAST_3PM_RANK,PCT_AST_FGM_RANK,PCT_UAST_FGM_RANK,OPPONENT,HOME
2022-23,MIA,2022-10-19T00:00:00,L,36.56666666666667,5,11,0.455,0,0,0.0,14,16,0.875,3,5,8,3,2,1,1,0,2,10,24,-12,42.1,0,0,39.0,1,36,36,36,12,48,46,46,28,49,28,4,4,28,14,12,10,49,11,35,5,1,41,3,27,60,35,12,1,32,1,120.2,115.4,115.4,123.5,127.5,127.5,-3.4,-12.1,-12.1,0.125,1.5,12.5,0.094,0.143,0.119,8.3,8.7,0.455,0.665,0.247,0.245,103.33,103.7,86.42,103.7,0.139,78,5.0,11.0,16,29,29,53,60,60,43,56,56,54,43,51,18,26,16,47,49,49,31,36,42,6,2,2,48,48,46,0.172,0.19,0.0,0.0,0.667,0.593,0.429,0.217,0.267,0.176,0.167,0.2,0.5,0.0,0.111,0.5,0.267,57,51,28,49,13,19,12,23,15,55,31,41,3,1,36,14,46,1.0,0.0,0.417,0.0,0.0,0.167,0.583,0.292,0.417,0.4,0.6,0.0,0.0,0.4,0.6,1,49,59,42,28,20,2,9,50,29,30,22,11,33,27,CHI,True
2022-23,MIA,2022-10-21T00:00:00,L,40.13333333333333,9,17,0.529,0,1,0.0,0,0,0.0,3,4,7,5,0,1,0,1,0,3,18,7,36.9,0,0,32.0,1,36,36,36,2,15,11,35,28,28,28,63,64,63,14,24,18,31,54,35,16,30,1,58,44,16,43,12,1,48,1,112.6,113.8,113.8,109.9,103.7,103.7,2.6,10.0,10.0,0.172,0.0,22.7,0.073,0.118,0.093,0.0,0.0,0.529,0.529,0.185,0.187,94.03,96.28,80.23,96.28,0.149,80,9.0,17.0,29,31,31,28,14,14,31,19,19,50,54,32,29,35,28,1,1,37,53,56,57,50,38,38,45,15,11,0.237,0.218,0.0,0.05,0.0,0.0,0.3,0.182,0.219,0.238,0.0,0.125,0.0,0.143,0.0,0.143,0.198,43,40,28,38,63,64,32,34,27,45,1,48,16,31,1,63,55,0.941,0.059,1.0,0.333,0.0,0.111,0.0,0.444,0.667,0.444,0.556,0.0,0.0,0.444,0.556,19,44,1,1,28,34,63,2,8,26,38,22,11,31,33,BOS,True
2022-23,MIA,2022-10-22T00:00:00,W,34.833333333333336,7,16,0.438,1,1,1.0,9,11,0.818,1,3,4,5,2,0,0,0,2,7,24,6,34.3,0,0,34.0,1,1,1,1,20,32,16,48,8,28,1,16,13,38,39,37,41,31,11,50,16,1,41,15,27,19,51,12,1,44,1,123.8,123.6,123.6,114.8,116.9,116.9,9.0,6.7,6.7,0.238,2.5,17.9,0.037,0.081,0.063,7.1,7.2,0.469,0.576,0.295,0.297,99.35,98.53,82.11,98.53,0.118,72,7.0,16.0,15,14,14,38,38,38,20,22,22,38,31,40,40,42,49,37,39,46,41,11,14,29,24,24,55,32,16,0.25,0.302,0.125,0.056,0.36,0.407,0.2,0.111,0.125,0.238,0.167,0.0,0.0,0.0,0.095,0.333,0.27,35,7,13,30,52,44,44,42,52,45,31,50,16,1,32,42,44,0.938,0.063,0.5,0.083,0.125,0.083,0.375,0.083,0.417,0.5,0.5,1.0,0.0,0.571,0.429,22,39,48,37,17,41,22,50,50,17,42,1,11,17,47,TOR,True
2022-23,MIA,2022-10-24T00:00:00,L,33.795,8,15,0.533,2,3,0.667,8,9,0.889,2,6,8,4,1,0,0,3,1,5,26,-2,40.6,0,0,40.0,1,36,36,36,31,22,23,34,2,8,9,21,25,26,26,9,10,41,33,50,16,61,16,29,19,41,39,12,1,30,1,98.2,100.0,100.0,104.7,102.9,102.9,-6.4,-2.9,-2.9,0.286,4.0,16.7,0.049,0.171,0.105,4.2,4.2,0.6,0.686,0.26,0.262,98.06,98.0,81.67,98.0,0.214,69,8.0,15.0,61,59,59,18,10,10,50,42,42,26,14,44,38,17,21,18,18,23,24,27,27,35,29,29,16,22,23,0.364,0.242,0.333,0.107,0.421,0.429,0.333,0.222,0.242,0.267,0.2,0.0,0.0,0.6,0.1,0.313,0.377,7,32,3,13,44,40,26,19,21,43,39,50,16,52,33,49,6,0.8,0.2,0.462,0.077,0.231,0.154,0.307,0.231,0.385,0.667,0.333,1.0,0.0,0.75,0.25,53,11,55,38,3,22,34,15,56,8,55,1,11,4,58,TOR,True
2022-23,MIA,2022-10-26T00:00:00,W,27.966666666666665,7,15,0.467,0,3,0.0,3,4,0.75,3,2,5,5,1,2,0,2,1,4,17,11,35.5,0,0,31.0,1,1,1,1,57,32,23,43,28,8,28,57,55,48,14,42,32,31,33,16,16,51,16,45,49,7,47,12,1,50,1,128.2,134.5,134.5,112.9,115.5,115.5,15.3,19.0,19.0,0.227,5.0,21.7,0.111,0.08,0.096,4.3,4.4,0.467,0.507,0.257,0.254,103.15,99.55,82.96,99.55,0.12,58,7.0,15.0,10,4,4,33,33,33,10,7,7,41,10,35,13,43,26,20,22,47,59,29,36,7,16,16,54,32,23,0.241,0.278,0.0,0.13,0.375,0.364,0.333,0.118,0.192,0.217,0.091,0.222,0.0,0.667,0.071,0.444,0.218,38,16,28,8,48,50,26,41,35,52,15,40,16,54,20,26,52,0.8,0.2,0.824,0.0,0.0,0.588,0.176,0.353,0.824,0.714,0.286,0.0,0.0,0.714,0.286,53,11,7,42,28,1,55,4,1,7,58,22,11,8,57,POR,False
2022-23,MIA,2022-10-27T00:00:00,L,37.05166666666667,8,13,0.615,4,7,0.571,7,7,1.0,1,5,6,8,2,6,0,0,2,5,27,-8,62.2,0,0,57.0,1,36,36,36,8,22,34,17,1,1,10,29,39,1,39,12,26,7,11,1,16,1,41,29,15,54,4,12,1,3,1,109.4,108.9,108.9,113.3,120.5,120.5,-3.9,-11.7,-11.7,0.348,4.0,32.0,0.026,0.135,0.08,8.0,7.7,0.769,0.84,0.198,0.216,104.65,101.7,84.75,101.7,0.217,79,8.0,13.0,41,45,45,35,46,46,44,55,55,13,14,9,50,30,36,45,44,8,5,52,50,3,7,7,12,22,34,0.258,0.191,0.364,0.206,0.538,0.467,0.2,0.278,0.261,0.421,0.222,0.4,0.0,0.0,0.182,0.5,0.314,34,50,2,4,26,33,44,10,17,14,44,16,16,1,51,14,31,0.462,0.538,0.296,0.074,0.444,0.37,0.26,0.259,0.222,0.25,0.75,0.75,0.25,0.5,0.5,64,1,64,39,1,3,47,12,62,45,15,18,10,20,38,GSW,False
2022-23,MIA,2022-10-29T00:00:00,L,37.108333333333334,4,11,0.364,0,1,0.0,5,7,0.714,1,6,7,6,2,2,0,2,0,5,13,-1,34.4,0,0,30.0,1,36,36,36,7,59,46,57,28,28,28,43,39,52,39,9,18,21,11,16,16,51,1,29,58,35,50,12,1,51,1,111.6,112.7,112.7,114.6,115.4,115.4,-3.0,-2.7,-2.7,0.24,3.0,27.3,0.025,0.207,0.101,9.1,9.1,0.364,0.462,0.18,0.185,102.39,101.54,84.62,101.54,0.124,79,4.0,11.0,31,35,35,37,32,32,42,39,39,37,24,20,54,7,22,49,50,59,62,57,58,12,9,9,52,59,46,0.138,0.164,0.0,0.053,0.208,0.241,0.143,0.316,0.269,0.4,0.286,0.4,0.0,0.333,0.0,0.192,0.146,62,58,28,33,61,60,51,9,14,16,51,16,16,36,1,61,62,0.909,0.091,0.615,0.0,0.0,0.0,0.385,0.231,0.615,0.75,0.25,0.0,0.0,0.75,0.25,33,31,28,42,28,50,17,15,17,3,59,22,11,4,58,SAC,False
2022-23,MIA,2022-11-01T00:00:00,W,36.82833333333333,6,17,0.353,2,7,0.286,9,9,1.0,3,3,6,8,3,0,1,1,1,4,23,2,42.2,0,0,41.0,1,1,1,1,11,38,11,62,2,1,24,16,25,1,14,37,26,7,5,50,5,30,16,45,33,29,34,12,1,28,1,110.6,117.1,117.1,109.7,116.0,116.0,0.8,1.1,1.1,0.333,2.67,25.8,0.081,0.083,0.082,9.7,9.4,0.412,0.549,0.261,0.274,104.11,98.4,82.0,98.4,0.134,76,6.0,17.0,34,26,26,27,35,35,35,32,32,14,30,23,24,41,33,53,52,52,50,25,23,5,25,25,49,38,11,0.2,0.254,0.167,0.233,0.529,0.529,0.429,0.136,0.207,0.364,0.231,0.0,0.5,0.25,0.077,0.211,0.258,49,26,8,3,28,27,12,39,32,24,46,50,3,32,22,59,47,0.588,0.412,0.348,0.174,0.261,0.0,0.391,0.217,0.174,0.25,0.75,1.0,0.0,0.5,0.5,63,2,61,15,2,50,16,22,63,45,15,1,11,20,38,GSW,True
2022-23,MIA,2022-11-07T00:00:00,L,33.23833333333334,5,14,0.357,0,1,0.0,6,6,1.0,0,4,4,7,2,6,0,0,3,3,16,-3,47.3,0,0,39.0,1,36,36,36,40,48,27,60,28,28,28,38,46,1,55,24,41,15,11,1,16,1,58,58,52,43,25,12,1,32,1,107.5,111.8,111.8,117.6,116.2,116.2,-10.2,-4.4,-4.4,0.318,3.5,26.9,0.0,0.182,0.073,7.7,7.8,0.357,0.481,0.253,0.253,99.56,98.2,81.83,98.2,0.129,68,5.0,14.0,46,36,36,43,36,36,55,45,45,19,20,21,55,12,41,41,46,62,61,32,37,26,26,26,51,48,27,0.185,0.237,0.0,0.038,0.462,0.462,0.0,0.211,0.182,0.412,0.222,0.75,0.0,0.0,0.2,0.25,0.211,54,33,28,44,38,34,55,24,37,15,44,2,16,1,53,57,54,0.929,0.071,0.625,0.0,0.0,0.25,0.375,0.5,0.625,0.4,0.6,0.0,0.0,0.4,0.6,27,36,26,42,28,7,22,1,14,29,30,22,11,33,27,POR,True
2022-23,MIA,2022-11-10T00:00:00,W,42.31666666666667,11,19,0.579,0,1,0.0,13,15,0.867,3,7,10,8,2,2,0,1,2,9,35,11,63.0,1,0,57.0,1,1,1,1,1,5,6,23,28,28,28,5,5,33,14,5,6,7,11,16,16,30,41,5,2,7,3,1,1,3,1,114.3,117.6,117.6,101.5,103.5,103.5,12.8,14.2,14.2,0.381,4.0,23.5,0.067,0.189,0.122,5.9,5.6,0.579,0.684,0.274,0.289,99.39,96.98,80.82,96.98,0.278,85,11.0,19.0,25,25,25,11,13,13,14,14,14,9,14,29,34,10,14,30,30,28,25,20,17,28,35,35,2,5,6,0.344,0.257,0.0,0.036,0.481,0.455,0.375,0.318,0.333,0.471,0.286,0.286,0.0,1.0,0.125,0.321,0.35,12,24,28,46,34,36,22,8,6,6,51,31,16,58,38,48,16,0.947,0.053,0.629,0.057,0.0,0.057,0.371,0.229,0.571,0.182,0.818,0.0,0.0,0.182,0.818,18,47,24,41,28,48,24,17,21,54,10,22,11,55,10,CHA,True
2022-23,MIA,2022-11-12T00:00:00,W,31.3,6,8,0.75,1,2,0.5,7,7,1.0,2,5,7,8,0,1,0,0,2,5,20,13,43.4,0,0,38.0,1,1,1,1,53,38,57,4,8,12,11,29,39,1,26,12,18,7,54,35,16,1,41,29,39,5,31,12,1,37,1,144.7,147.6,147.6,124.2,125.0,125.0,20.5,22.6,22.6,0.267,0.0,42.1,0.087,0.192,0.143,0.0,0.0,0.813,0.903,0.157,0.16,98.67,97.38,81.15,97.38,0.178,63,6.0,8.0,1,1,1,55,56,56,5,4,4,32,54,1,22,8,9,1,1,3,2,62,62,32,34,34,37,38,57,0.167,0.138,0.1,0.083,0.636,0.583,0.4,0.227,0.259,0.364,0.0,0.333,0.0,0.0,0.143,0.417,0.215,58,62,24,22,14,21,17,18,18,24,1,24,16,1,42,29,53,0.75,0.25,0.5,0.0,0.15,0.0,0.35,0.1,0.5,0.6,0.4,1.0,0.0,0.667,0.333,57,4,48,42,12,50,26,46,29,11,50,1,11,9,53,CHA,True
2022-23,MIA,2022-11-14T00:00:00,W,34.8,5,12,0.417,1,2,0.5,5,5,1.0,4,9,13,7,0,1,1,1,3,3,16,3,48.1,1,0,41.0,1,1,1,1,21,48,42,51,8,12,11,43,50,1,7,1,2,15,54,35,5,30,58,58,52,27,22,1,1,28,1,129.2,125.8,125.8,117.1,121.2,121.2,12.1,4.5,4.5,0.304,0.0,33.3,0.125,0.22,0.178,0.0,0.0,0.458,0.563,0.171,0.181,91.42,91.03,75.86,91.03,0.185,66,5.0,12.0,9,11,11,40,49,49,17,27,27,22,54,6,10,6,2,1,1,48,45,60,60,61,59,59,32,48,42,0.179,0.203,0.111,0.105,0.278,0.238,0.286,0.45,0.382,0.438,0.0,0.2,0.333,0.5,0.333,0.15,0.193,55,43,18,14,59,61,33,1,4,11,1,41,10,44,63,62,56,0.833,0.167,0.5,0.125,0.188,0.0,0.312,0.125,0.375,0.25,0.75,1.0,0.0,0.4,0.6,47,17,48,26,7,50,32,38,58,45,15,1,11,33,27,PHX,True
2022-23,MIA,2022-11-16T00:00:00,L,38.28333333333333,4,8,0.5,0,2,0.0,5,5,1.0,0,1,1,5,5,1,0,0,2,4,13,-4,19.7,0,0,21.0,1,36,36,36,4,59,57,37,28,12,28,43,50,1,55,50,62,31,1,35,16,1,41,45,58,49,64,12,1,60,1,113.5,115.1,115.1,120.1,118.9,118.9,-6.6,-3.9,-3.9,0.2,1.0,25.0,0.0,0.026,0.015,25.0,24.8,0.5,0.637,0.19,0.195,92.36,92.15,76.8,92.15,0.065,73,4.0,8.0,27,30,30,47,42,42,52,44,44,44,45,25,55,60,64,64,64,38,34,54,55,53,55,55,63,59,57,0.138,0.145,0.0,0.067,0.357,0.313,0.0,0.063,0.05,0.333,0.313,0.25,0.0,0.0,0.182,0.235,0.155,62,61,28,27,53,56,55,50,63,27,56,35,16,1,51,58,61,0.75,0.25,0.615,0.154,0.0,0.308,0.385,0.0,0.462,0.5,0.5,0.0,0.0,0.5,0.5,57,4,28,19,28,4,17,57,36,17,42,22,11,20,38,TOR,False
2022-23,MIA,2022-12-02T00:00:00,W,35.483333333333334,12,21,0.571,0,1,0.0,1,3,0.333,6,9,15,3,3,1,1,1,2,5,25,-10,50.5,1,0,47.0,1,1,1,1,14,2,3,25,28,28,28,62,59,62,1,1,1,49,5,35,5,30,41,29,25,58,15,1,1,14,1,106.4,105.4,105.4,117.8,120.5,120.5,-11.4,-15.1,-15.1,0.15,1.0,11.1,0.158,0.265,0.208,11.1,10.6,0.571,0.56,0.282,0.304,100.08,99.43,82.86,99.43,0.188,74,12.0,21.0,50,54,54,44,47,47,58,59,59,52,45,55,3,3,1,56,56,29,46,16,11,22,17,17,30,2,3,0.375,0.313,0.0,0.063,0.111,0.25,0.6,0.36,0.429,0.333,0.273,0.25,0.5,0.5,0.111,0.357,0.321,6,5,28,28,62,58,3,4,1,27,50,35,3,44,36,39,28,0.952,0.048,0.96,0.32,0.0,0.08,0.04,0.2,0.64,0.083,0.917,0.0,0.0,0.083,0.917,17,48,3,2,28,43,62,26,13,60,5,22,11,61,4,BOS,False
2022-23,MIA,2022-12-05T00:00:00,L,33.28333333333333,6,11,0.545,1,2,0.5,5,8,0.625,1,5,6,8,5,1,0,1,1,3,18,3,35.2,0,0,35.0,1,36,36,36,39,38,46,30,8,12,11,43,29,58,39,12,26,7,1,35,16,30,16,58,44,27,48,12,1,42,1,108.1,110.4,110.4,104.6,106.0,106.0,3.5,4.5,4.5,0.421,1.6,29.6,0.031,0.172,0.098,18.5,18.2,0.591,0.62,0.257,0.269,98.33,96.62,80.52,96.62,0.121,67,6.0,11.0,44,41,41,17,17,17,28,28,28,6,42,16,45,16,25,63,63,25,38,30,25,33,37,37,53,38,46,0.24,0.2,0.091,0.071,0.385,0.471,0.25,0.2,0.207,0.381,0.5,0.2,0.0,0.5,0.2,0.3,0.243,40,44,26,26,47,32,36,29,32,22,62,41,16,44,53,53,50,0.818,0.182,0.556,0.222,0.167,0.111,0.277,0.222,0.333,0.6,0.4,1.0,0.0,0.667,0.333,49,15,42,8,9,34,40,18,61,11,50,1,11,9,53,MEM,False
2022-23,MIA,2022-12-08T00:00:00,W,33.983333333333334,10,12,0.833,2,2,1.0,4,5,0.8,1,4,5,8,1,4,0,0,0,4,26,-7,55.0,0,0,49.0,1,1,1,1,27,13,42,1,2,12,1,52,50,40,39,24,32,7,33,5,16,1,1,45,19,52,12,12,1,10,1,115.2,113.0,113.0,120.0,123.2,123.2,-4.8,-10.1,-10.1,0.4,8.0,34.8,0.031,0.148,0.085,4.3,4.3,0.917,0.915,0.197,0.206,97.86,97.46,81.22,97.46,0.244,69,10.0,12.0,24,32,32,46,51,51,47,53,53,7,4,5,45,24,32,20,21,1,1,53,53,36,33,33,6,13,42,0.333,0.197,0.286,0.091,0.364,0.385,0.167,0.167,0.167,0.5,0.143,0.5,0.0,0.0,0.0,0.333,0.333,14,46,5,19,49,45,50,36,40,5,24,7,16,1,1,42,21,0.833,0.167,0.615,0.154,0.231,0.154,0.154,0.154,0.462,0.125,0.875,0.5,0.5,0.2,0.8,47,17,28,19,3,22,58,36,36,58,7,19,7,54,11,LAC,True
2022-23,MIA,2022-12-10T00:00:00,L,32.333333333333336,11,16,0.688,0,1,0.0,8,10,0.8,1,1,2,4,2,0,0,0,0,8,30,8,36.4,0,0,36.0,1,36,36,36,48,5,16,13,28,28,28,21,18,40,39,50,59,41,11,50,16,1,1,8,10,15,46,12,1,40,1,125.1,128.1,128.1,107.2,113.8,113.8,17.8,14.3,14.3,0.235,2.0,15.4,0.034,0.038,0.036,7.7,7.6,0.688,0.735,0.319,0.322,99.88,95.75,79.79,95.75,0.21,64,11.0,16.0,13,9,9,23,30,30,7,13,13,39,34,47,42,54,61,41,43,15,17,6,6,24,40,40,17,5,16,0.393,0.296,0.0,0.053,0.444,0.417,0.25,0.059,0.095,0.235,0.4,0.0,0.0,0.0,0.0,0.421,0.366,4,10,28,33,41,42,36,51,60,47,59,50,16,1,1,28,11,0.938,0.063,0.733,0.0,0.0,0.233,0.267,0.033,0.733,0.455,0.545,0.0,0.0,0.455,0.545,22,39,12,42,28,9,44,56,3,24,40,22,11,28,35,SAS,True
2022-23,MIA,2022-12-12T00:00:00,W,33.733333333333334,8,16,0.5,0,1,0.0,4,7,0.571,0,7,7,5,1,2,0,3,3,7,20,-1,40.9,0,0,36.0,1,1,1,1,32,22,16,37,28,28,28,52,39,61,55,5,18,31,33,16,16,61,58,15,39,35,38,12,1,40,1,83.3,88.2,88.2,83.9,88.4,88.4,-0.6,-0.2,-0.2,0.357,5.0,20.0,0.0,0.175,0.088,4.0,4.0,0.5,0.524,0.26,0.261,102.99,97.47,81.23,97.47,0.208,68,8.0,16.0,64,63,63,1,2,2,37,35,35,11,10,36,55,14,30,16,17,38,54,27,29,8,32,32,18,22,16,0.364,0.267,0.0,0.053,0.333,0.438,0.0,0.269,0.226,0.333,0.1,0.333,0.0,0.3,0.25,0.467,0.333,7,18,28,33,54,38,55,12,25,27,16,24,16,35,59,21,21,0.938,0.063,0.8,0.2,0.0,0.0,0.2,0.1,0.6,0.5,0.5,0.0,0.0,0.5,0.5,22,39,9,12,28,50,53,46,18,17,42,22,11,20,38,IND,False
2022-23,MIA,2022-12-15T00:00:00,W,35.6,7,13,0.538,0,1,0.0,6,10,0.6,6,4,10,7,4,4,3,1,3,7,20,-7,59.5,1,0,51.0,1,1,1,1,13,32,34,33,28,28,28,38,18,60,1,24,6,15,3,5,1,30,58,15,39,52,6,1,1,7,1,101.8,98.6,98.6,109.3,108.1,108.1,-7.6,-9.5,-9.5,0.333,1.75,25.0,0.15,0.105,0.128,14.3,14.1,0.538,0.575,0.241,0.256,97.67,99.78,83.15,99.78,0.179,74,7.0,13.0,55,60,60,26,24,24,53,52,52,14,40,25,4,37,12,60,61,36,42,38,35,37,15,15,36,32,34,0.25,0.197,0.0,0.031,0.75,0.769,0.5,0.211,0.323,0.438,0.333,0.444,0.6,0.333,0.231,0.583,0.274,35,45,28,48,8,7,6,24,9,11,57,12,2,36,58,5,43,0.923,0.077,0.7,0.0,0.0,0.2,0.3,0.35,0.7,0.286,0.714,0.0,0.0,0.286,0.714,30,33,14,42,28,14,35,5,5,42,22,22,11,44,19,HOU,False
2022-23,MIA,2022-12-17T00:00:00,W,34.431666666666665,9,15,0.6,1,2,0.5,7,10,0.7,1,4,5,4,0,2,1,0,2,8,26,12,47.0,0,0,42.0,1,1,1,1,23,15,23,21,8,12,11,29,18,54,39,24,32,41,54,16,5,1,41,8,19,6,27,12,1,26,1,113.8,118.8,118.8,99.8,101.4,101.4,14.1,17.4,17.4,0.182,0.0,18.2,0.031,0.138,0.082,0.0,0.0,0.633,0.67,0.231,0.245,99.12,96.19,80.16,96.19,0.181,69,9.0,15.0,26,21,21,7,8,8,11,8,8,48,54,39,45,29,34,1,1,18,28,45,41,30,39,39,35,15,23,0.29,0.25,0.125,0.1,0.583,0.625,0.143,0.2,0.185,0.235,0.0,0.154,0.5,0.0,0.154,0.571,0.317,26,27,13,17,19,13,51,29,36,47,1,47,3,1,45,6,29,0.867,0.133,0.615,0.231,0.115,0.0,0.27,0.154,0.385,0.375,0.625,0.0,1.0,0.333,0.667,41,23,28,6,21,50,42,36,56,36,27,22,1,41,22,SAS,False
2022-23,MIA,2022-12-23T00:00:00,L,27.866666666666667,6,11,0.545,1,2,0.5,7,8,0.875,2,4,6,3,1,2,0,1,1,6,20,-3,36.7,0,0,34.0,1,36,36,36,59,38,46,30,8,12,11,29,29,28,26,24,26,49,33,16,16,30,16,19,39,43,44,12,1,44,1,109.2,108.9,108.9,112.1,116.4,116.4,-2.9,-7.4,-7.4,0.188,3.0,16.7,0.071,0.154,0.111,5.6,5.4,0.591,0.689,0.238,0.251,97.25,95.6,79.67,95.6,0.199,56,6.0,11.0,42,44,44,31,37,37,41,51,51,46,24,44,30,20,18,27,27,25,23,42,39,40,41,41,24,38,46,0.273,0.22,0.143,0.105,0.7,0.727,0.333,0.25,0.273,0.231,0.143,0.667,0.0,0.25,0.167,0.353,0.328,32,39,10,14,10,9,26,14,13,51,24,5,16,32,46,41,25,0.818,0.182,0.5,0.0,0.15,0.1,0.35,0.1,0.5,0.4,0.6,1.0,0.0,0.5,0.5,49,15,48,42,12,37,26,46,29,29,30,1,11,20,38,IND,True
2022-23,MIA,2022-12-28T00:00:00,W,34.25333333333333,11,18,0.611,0,4,0.0,5,5,1.0,1,4,5,4,0,6,0,1,0,4,27,-1,57.0,0,0,48.0,1,1,1,1,25,5,8,20,28,5,28,43,50,1,39,24,32,41,54,1,16,30,1,45,15,35,9,12,1,13,1,104.8,105.9,105.9,97.7,107.4,107.4,7.1,-1.5,-1.5,0.267,0.0,16.7,0.026,0.129,0.072,0.0,0.0,0.611,0.668,0.267,0.278,100.5,95.29,79.41,95.29,0.277,68,11.0,18.0,54,52,52,6,21,21,22,36,36,32,54,44,50,31,42,1,1,22,29,21,22,21,44,44,3,5,8,0.423,0.29,0.0,0.148,0.455,0.385,0.25,0.211,0.217,0.308,0.0,0.75,0.0,0.5,0.0,0.308,0.375,3,12,28,7,40,45,36,24,28,37,1,2,16,44,1,51,8,0.778,0.222,0.815,0.222,0.0,0.148,0.185,0.222,0.593,0.091,0.909,0.0,0.0,0.091,0.909,55,10,8,8,28,26,54,18,19,59,6,22,11,60,5,LAL,True
2022-23,MIA,2022-12-30T00:00:00,L,37.833333333333336,5,13,0.385,0,0,0.0,7,8,0.875,1,5,6,8,1,4,0,0,1,5,17,-1,47.2,0,0,39.0,1,36,36,36,6,48,34,53,28,49,28,29,29,28,39,12,26,7,33,5,16,1,16,29,49,35,26,12,1,32,1,117.5,121.3,121.3,125.8,124.1,124.1,-8.3,-2.8,-2.8,0.308,8.0,32.0,0.026,0.192,0.094,4.0,3.9,0.385,0.515,0.189,0.196,101.8,100.86,84.05,100.86,0.131,80,5.0,13.0,22,18,18,58,54,54,54,40,40,21,4,9,50,8,27,16,16,56,56,55,54,17,13,13,50,48,34,0.161,0.188,0.0,0.0,0.304,0.333,0.143,0.278,0.24,0.471,0.1,0.4,0.0,0.0,0.063,0.357,0.175,60,53,28,49,57,52,51,10,23,6,16,16,16,1,18,39,60,1.0,0.0,0.588,0.118,0.0,0.235,0.412,0.235,0.471,0.0,1.0,0.0,0.0,0.0,1.0,1,49,37,28,28,8,14,14,34,61,1,22,11,62,1,DEN,False
2022-23,MIA,2023-01-02T00:00:00,W,32.016666666666666,2,8,0.25,0,2,0.0,5,8,0.625,1,1,2,6,1,2,0,0,0,5,9,-2,25.4,0,0,21.0,1,1,1,1,51,64,57,64,28,12,28,43,29,58,39,50,59,21,33,16,16,1,1,29,64,41,57,12,1,60,1,113.3,111.5,111.5,113.3,111.1,111.1,0.0,0.4,0.4,0.273,6.0,33.3,0.031,0.048,0.038,5.6,5.4,0.25,0.391,0.174,0.184,91.33,92.95,77.46,92.95,0.067,61,2.0,8.0,28,37,37,34,26,26,36,33,33,31,6,6,45,50,60,27,27,64,63,59,59,62,52,52,62,64,57,0.083,0.148,0.0,0.087,0.417,0.5,0.125,0.053,0.074,0.4,0.143,0.333,0.0,0.0,0.0,0.5,0.132,64,60,28,20,45,29,54,55,61,16,24,24,16,1,1,14,64,0.75,0.25,0.444,0.0,0.0,0.222,0.556,0.0,0.444,1.0,0.0,0.0,0.0,1.0,0.0,57,4,56,42,28,10,4,57,42,1,64,22,11,1,64,LAC,False
2022-23,MIA,2023-01-04T00:00:00,L,33.516666666666666,11,22,0.5,2,5,0.4,3,4,0.75,3,1,4,4,2,3,0,1,0,3,27,-1,44.8,0,0,43.0,1,36,36,36,35,5,2,37,2,4,21,57,55,48,14,50,41,41,11,13,16,30,1,58,15,35,30,12,1,22,1,110.0,112.7,112.7,111.3,115.7,115.7,-1.3,-3.0,-3.0,0.182,2.0,13.8,0.081,0.037,0.063,6.9,6.7,0.545,0.568,0.291,0.308,104.17,100.96,84.14,100.96,0.169,71,11.0,22.0,37,33,33,30,34,34,38,43,43,48,34,50,24,55,49,34,35,34,44,13,10,4,12,12,39,5,2,0.333,0.324,0.4,0.25,0.333,0.308,0.273,0.056,0.138,0.235,0.2,0.429,0.0,0.333,0.0,0.273,0.338,14,2,1,2,54,57,35,53,48,47,39,15,16,36,1,55,20,0.773,0.227,0.667,0.0,0.222,0.222,0.111,0.333,0.667,0.333,0.667,0.0,1.0,0.273,0.727,56,9,17,42,5,10,60,6,8,39,24,22,1,47,17,LAL,False
2022-23,MIA,2023-01-06T00:00:00,W,32.93333333333333,5,9,0.556,0,0,0.0,10,10,1.0,0,5,5,6,2,2,0,0,1,5,20,5,39.0,0,0,35.0,1,1,1,1,42,48,56,29,28,49,28,11,18,1,55,12,32,21,11,16,16,1,16,29,39,22,42,12,1,42,1,109.6,110.9,110.9,101.7,103.1,103.1,7.9,7.8,7.8,0.333,3.0,28.6,0.0,0.161,0.081,9.5,9.3,0.556,0.746,0.217,0.224,94.53,93.28,77.73,93.28,0.216,64,5.0,9.0,40,40,40,13,12,12,21,20,20,14,24,19,55,19,35,51,51,32,16,48,48,48,50,50,13,48,56,0.217,0.17,0.0,0.0,0.588,0.5,0.0,0.25,0.208,0.462,0.286,0.4,0.0,0.0,0.091,0.385,0.282,48,57,28,49,18,29,55,14,30,10,51,16,16,1,29,34,40,1.0,0.0,0.5,0.1,0.0,0.2,0.5,0.3,0.4,0.4,0.6,0.0,0.0,0.4,0.6,1,49,48,33,28,14,7,8,53,29,30,22,11,33,27,PHX,False
2022-23,MIA,2023-01-08T00:00:00,L,34.11666666666667,9,21,0.429,1,4,0.25,7,9,0.778,6,2,8,1,2,2,0,3,1,6,26,-3,41.1,0,0,40.0,1,36,36,36,26,15,3,49,8,5,26,29,25,47,1,42,10,60,11,16,16,61,16,19,19,43,37,12,1,30,1,98.7,101.5,101.5,103.2,106.2,106.2,-4.5,-4.6,-4.6,0.063,0.5,3.6,0.136,0.065,0.107,7.1,7.2,0.452,0.521,0.329,0.333,94.04,91.45,76.21,91.45,0.159,65,9.0,21.0,59,58,58,14,19,19,45,46,46,63,51,64,7,47,20,37,38,50,55,2,2,49,58,58,42,15,3,0.36,0.309,0.143,0.154,0.778,0.818,0.429,0.105,0.242,0.083,0.25,0.4,0.0,0.6,0.083,0.462,0.394,10,6,10,6,6,4,12,43,21,63,48,16,16,52,26,22,3,0.81,0.19,0.615,0.154,0.115,0.154,0.27,0.115,0.462,0.375,0.625,1.0,0.0,0.444,0.556,52,13,28,19,21,22,42,41,36,36,27,1,11,31,33,BKN,True
2022-23,MIA,2023-01-10T00:00:00,W,37.95,6,17,0.353,0,1,0.0,23,23,1.0,2,5,7,4,2,4,3,0,1,13,35,5,68.4,0,0,60.0,1,1,1,1,5,38,11,62,28,28,28,1,1,1,26,12,18,41,11,5,1,1,16,1,2,22,1,12,1,1,1,111.4,116.3,116.3,107.1,108.6,108.6,4.2,7.6,7.6,0.2,2.0,12.1,0.051,0.128,0.09,6.1,6.0,0.353,0.645,0.305,0.308,104.78,101.82,84.85,101.82,0.261,80,6.0,17.0,32,27,27,22,25,25,26,21,21,44,34,53,37,32,29,31,31,63,33,9,9,2,6,6,5,38,11,0.231,0.262,0.0,0.036,0.697,0.697,0.182,0.25,0.226,0.235,0.133,0.444,0.75,0.0,0.059,0.565,0.376,44,21,28,46,11,12,48,14,25,47,22,12,1,1,16,9,7,0.941,0.059,0.343,0.0,0.0,0.171,0.657,0.314,0.343,0.667,0.333,0.0,0.0,0.667,0.333,19,44,62,42,28,19,1,7,60,8,55,22,11,9,53,OKC,True
2022-23,MIA,2023-01-12T00:00:00,W,32.516666666666666,5,13,0.385,0,2,0.0,7,8,0.875,6,5,11,2,4,0,0,1,0,4,17,2,29.2,1,0,30.0,1,1,1,1,47,48,34,53,28,12,28,29,29,28,1,12,3,56,3,50,16,30,1,45,49,29,54,1,1,51,1,108.3,106.2,106.2,105.3,104.7,104.7,2.9,1.5,1.5,0.095,0.5,8.7,0.146,0.128,0.138,17.4,17.8,0.385,0.515,0.253,0.257,93.97,95.21,79.34,95.21,0.114,65,5.0,13.0,43,51,51,19,16,16,30,31,31,59,51,58,5,32,11,62,62,56,56,33,33,51,45,45,56,48,34,0.192,0.194,0.0,0.087,0.583,0.615,0.375,0.167,0.239,0.154,0.571,0.0,0.0,0.5,0.0,0.4,0.246,52,49,28,20,19,14,22,36,24,57,63,50,16,44,1,32,49,0.846,0.154,0.588,0.118,0.0,0.118,0.412,0.0,0.471,0.4,0.6,0.0,0.0,0.4,0.6,45,19,37,28,28,31,14,57,34,29,30,22,11,33,27,MIL,True
2022-23,MIA,2023-01-14T00:00:00,W,26.583333333333332,7,14,0.5,0,0,0.0,2,2,1.0,2,2,4,1,0,0,0,0,2,4,16,0,22.3,0,0,21.0,1,1,1,1,61,32,27,37,28,49,28,59,61,1,26,42,41,60,54,50,16,1,41,45,52,31,63,12,1,60,1,110.6,109.8,109.8,109.2,107.7,107.7,1.4,2.1,2.1,0.063,0.0,6.7,0.077,0.077,0.077,0.0,0.0,0.5,0.538,0.241,0.258,92.02,92.99,77.49,92.99,0.108,51,7.0,14.0,35,42,42,25,23,23,33,29,29,63,54,60,26,44,38,1,1,38,51,38,30,57,51,51,59,32,27,0.304,0.292,0.0,0.0,0.5,0.333,0.286,0.105,0.154,0.1,0.0,0.0,0.0,0.0,0.2,0.571,0.286,24,11,28,49,31,52,33,43,45,62,1,50,16,1,53,6,38,1.0,0.0,0.875,0.25,0.0,0.0,0.125,0.0,0.625,0.143,0.857,0.0,0.0,0.143,0.857,1,49,5,3,28,50,59,57,14,57,8,22,11,58,7,MIL,True
2022-23,MIA,2023-01-16T00:00:00,L,33.983333333333334,11,16,0.688,1,1,1.0,11,11,1.0,2,1,3,3,2,2,1,2,2,6,34,4,49.1,0,0,47.0,1,36,36,36,27,5,16,13,8,28,1,8,13,1,26,50,51,49,11,16,5,51,41,19,6,25,18,12,1,14,1,125.8,127.1,127.1,121.0,121.4,121.4,4.8,5.7,5.7,0.125,1.5,12.0,0.074,0.04,0.058,8.0,7.7,0.719,0.816,0.275,0.29,99.55,98.87,82.39,98.87,0.195,70,11.0,16.0,12,10,10,50,50,50,24,25,25,54,43,54,27,52,53,45,45,13,12,18,16,27,21,21,26,5,16,0.314,0.258,0.167,0.056,0.846,0.846,0.25,0.05,0.107,0.125,0.182,0.286,0.333,0.5,0.105,0.545,0.382,21,23,8,30,2,3,36,56,57,59,35,31,10,44,35,13,4,0.938,0.063,0.588,0.059,0.088,0.176,0.324,0.059,0.529,0.6,0.4,1.0,0.0,0.636,0.364,22,39,37,40,26,17,30,55,26,11,50,1,11,13,52,ATL,False
2022-23,MIA,2023-01-18T00:00:00,W,26.566666666666666,8,13,0.615,0,1,0.0,2,3,0.667,1,2,3,7,2,0,0,1,1,4,18,16,30.1,0,0,28.0,1,1,1,1,62,22,34,17,28,28,28,59,59,55,39,42,51,15,11,50,16,30,16,45,44,3,53,12,1,54,1,112.6,124.1,124.1,94.9,96.2,96.2,17.7,27.8,27.8,0.35,3.5,31.8,0.037,0.069,0.054,9.1,8.6,0.615,0.628,0.238,0.257,102.34,96.66,80.55,96.66,0.155,54,8.0,13.0,30,13,13,4,5,5,8,3,3,12,20,11,40,46,55,49,47,20,36,42,34,13,36,36,44,22,34,0.286,0.245,0.0,0.056,0.333,0.375,0.25,0.1,0.125,0.318,0.286,0.0,0.0,0.333,0.125,0.444,0.269,28,28,28,30,54,48,36,46,52,32,51,50,16,36,38,26,45,0.923,0.077,0.889,0.222,0.0,0.222,0.111,0.222,0.667,0.75,0.25,0.0,0.0,0.75,0.25,30,33,4,8,28,10,60,18,8,3,59,22,11,4,58,NOP,False
2022-23,MIA,2023-01-20T00:00:00,L,25.966666666666665,3,7,0.429,0,0,0.0,6,6,1.0,2,2,4,1,1,2,0,0,3,4,12,-21,23.3,0,0,21.0,1,36,36,36,63,63,63,49,28,49,28,38,46,1,26,42,41,60,33,16,16,1,58,45,61,63,62,12,1,60,1,84.7,83.0,83.0,121.0,125.0,125.0,-36.3,-42.0,-42.0,0.1,1.0,8.3,0.074,0.074,0.074,8.3,8.6,0.429,0.622,0.208,0.208,88.4,87.8,73.17,87.8,0.147,47,3.0,7.0,63,64,64,49,56,56,63,63,63,58,45,59,27,45,40,47,48,51,37,50,52,64,64,64,46,63,63,0.231,0.179,0.0,0.0,0.5,0.375,0.4,0.1,0.16,0.25,0.2,1.0,0.0,0.0,0.25,0.308,0.308,44,55,28,49,31,48,17,46,43,44,39,1,16,1,59,51,34,1.0,0.0,0.5,0.0,0.0,0.0,0.5,0.0,0.5,0.333,0.667,0.0,0.0,0.333,0.667,1,49,48,42,28,50,7,57,29,39,24,22,11,41,22,DAL,False
2022-23,MIA,2023-01-22T00:00:00,W,33.95,5,7,0.714,0,1,0.0,8,10,0.8,0,4,4,2,1,5,0,0,2,6,18,7,39.8,0,0,34.0,1,1,1,1,30,48,63,12,28,28,28,21,18,40,55,24,41,56,33,4,16,1,41,19,44,16,41,12,1,44,1,110.4,112.7,112.7,99.8,101.4,101.4,10.7,11.3,11.3,0.095,2.0,14.3,0.0,0.154,0.071,7.1,6.9,0.714,0.789,0.15,0.158,102.93,101.09,84.24,101.09,0.165,71,5.0,7.0,36,33,33,8,7,7,19,17,17,59,34,49,55,20,43,37,37,14,14,63,63,9,11,11,40,48,63,0.192,0.13,0.0,0.045,0.364,0.385,0.0,0.222,0.167,0.167,0.077,0.357,0.0,0.0,0.2,0.333,0.225,52,64,28,41,49,45,55,19,40,56,12,23,16,1,53,42,51,0.857,0.143,0.556,0.111,0.0,0.278,0.444,0.278,0.444,0.6,0.4,0.0,0.0,0.6,0.4,43,21,42,31,28,6,11,11,42,11,50,22,11,14,49,NOP,True
2022-23,MIA,2023-01-27T00:00:00,W,32.7,10,17,0.588,0,2,0.0,9,12,0.75,1,5,6,6,0,2,0,0,1,6,29,9,51.2,0,0,45.0,1,1,1,1,45,13,11,22,28,12,28,16,10,48,39,12,26,21,54,16,16,1,16,19,11,12,14,12,1,18,1,116.0,120.9,120.9,103.8,104.3,104.3,12.2,16.5,16.5,0.3,0.0,22.2,0.031,0.179,0.1,0.0,0.0,0.588,0.651,0.284,0.298,102.14,99.82,83.18,99.82,0.224,67,10.0,17.0,23,19,19,16,15,15,16,9,9,23,54,34,45,13,24,1,1,27,32,15,13,14,14,14,11,13,11,0.333,0.288,0.0,0.118,0.563,0.6,0.2,0.208,0.207,0.3,0.0,0.333,0.0,0.0,0.091,0.375,0.358,14,13,28,10,24,15,44,28,32,38,1,24,16,1,29,36,12,0.882,0.118,0.69,0.0,0.0,0.172,0.31,0.069,0.69,0.5,0.5,0.0,0.0,0.5,0.5,39,26,16,42,28,18,33,53,7,17,42,22,11,20,38,ORL,True
2022-23,MIA,2023-01-29T00:00:00,L,33.3,11,14,0.786,0,0,0.0,6,7,0.857,2,5,7,2,2,3,0,0,3,4,28,5,46.4,0,0,43.0,1,36,36,36,38,5,27,3,28,49,28,38,39,35,26,12,18,56,11,13,16,1,58,45,12,22,28,12,1,22,1,118.0,123.2,123.2,120.1,117.6,117.6,-2.1,5.5,5.5,0.095,1.0,9.5,0.056,0.152,0.101,9.5,9.5,0.786,0.82,0.235,0.238,99.92,98.74,82.28,98.74,0.203,69,11.0,14.0,20,17,17,48,39,39,39,26,26,59,45,57,36,22,22,51,53,5,9,44,45,23,22,22,20,5,27,0.344,0.212,0.0,0.0,0.462,0.438,0.25,0.263,0.259,0.118,0.286,0.5,0.0,0.0,0.25,0.333,0.329,12,41,28,49,38,38,36,13,18,61,51,7,16,1,59,42,23,1.0,0.0,0.786,0.143,0.0,0.143,0.214,0.214,0.643,0.455,0.545,0.0,0.0,0.455,0.545,1,49,10,25,28,27,50,24,12,24,40,22,11,28,35,CHA,False
2022-23,MIA,2023-01-31T00:00:00,W,34.303333333333335,6,16,0.375,1,4,0.25,10,15,0.667,0,1,1,5,2,3,1,1,0,8,23,0,41.7,0,0,38.0,1,1,1,1,24,38,16,56,8,5,26,11,5,55,55,50,62,31,11,13,5,30,1,8,33,31,36,12,1,37,1,106.9,107.7,107.7,105.7,106.1,106.1,1.2,1.6,1.6,0.263,2.5,17.2,0.0,0.033,0.016,6.9,6.8,0.406,0.509,0.32,0.33,92.13,91.65,76.38,91.65,0.114,65,6.0,16.0,48,46,46,20,18,18,34,30,30,34,31,42,55,57,63,34,36,54,58,4,4,55,57,57,57,38,16,0.24,0.281,0.125,0.19,0.833,0.882,0.0,0.042,0.03,0.333,0.2,0.75,0.5,0.25,0.0,0.571,0.329,40,15,13,5,4,1,55,60,64,27,39,2,3,32,1,6,24,0.75,0.25,0.435,0.0,0.13,0.0,0.435,0.174,0.435,0.4,0.6,1.0,0.0,0.5,0.5,57,4,57,42,14,50,12,31,46,29,30,1,11,20,38,CLE,False
2022-23,MIA,2023-02-02T00:00:00,L,33.416666666666664,5,13,0.385,0,0,0.0,0,1,0.0,4,0,4,5,3,2,0,0,0,0,10,-3,25.3,0,0,23.0,1,36,36,36,37,48,34,53,28,49,28,63,63,63,7,61,41,31,5,16,16,1,1,64,63,43,58,12,1,58,1,107.6,109.2,109.2,114.1,112.1,112.1,-6.5,-2.9,-2.9,0.217,1.67,23.8,0.105,0.0,0.063,14.3,14.0,0.385,0.372,0.211,0.222,93.94,94.08,78.4,94.08,0.053,65,5.0,13.0,45,43,43,36,28,28,51,41,41,43,41,28,14,61,49,60,60,56,64,49,49,52,49,49,64,48,34,0.179,0.206,0.0,0.0,0.0,0.111,0.5,0.0,0.16,0.294,0.429,0.333,0.0,0.0,0.0,0.0,0.141,55,42,28,49,63,63,6,61,43,40,61,24,16,1,1,64,63,1.0,0.0,1.0,0.2,0.0,0.2,0.0,0.2,0.8,0.6,0.4,0.0,0.0,0.6,0.4,1,49,1,12,28,14,63,26,2,11,50,22,11,14,49,NYK,False
2022-23,MIA,2023-02-04T00:00:00,L,33.733333333333334,11,21,0.524,1,2,0.5,9,10,0.9,4,4,8,3,0,1,0,1,1,5,32,-3,49.1,0,0,46.0,1,36,36,36,32,5,3,36,8,12,11,16,18,24,7,24,10,49,54,35,16,30,16,29,9,43,18,12,1,16,1,117.9,118.4,118.4,123.6,120.8,120.8,-5.7,-2.4,-2.4,0.13,0.0,10.7,0.1,0.148,0.119,0.0,0.0,0.548,0.63,0.281,0.287,107.86,108.85,90.71,108.85,0.182,76,11.0,21.0,21,23,23,54,48,48,49,38,38,53,54,56,15,24,16,1,1,33,35,17,18,1,1,1,34,5,3,0.324,0.288,0.143,0.083,0.6,0.526,0.333,0.211,0.258,0.2,0.0,0.125,0.0,0.333,0.059,0.455,0.356,19,14,10,22,17,28,26,24,20,53,1,48,16,36,16,23,13,0.905,0.095,0.625,0.188,0.094,0.125,0.281,0.25,0.438,0.2,0.8,1.0,0.0,0.273,0.727,35,30,26,14,23,28,38,13,45,52,12,1,11,47,17,MIL,False
2022-23,MIA,2023-02-08T00:00:00,W,35.303333333333335,9,18,0.5,0,0,0.0,7,8,0.875,5,0,5,7,2,1,0,2,2,8,25,11,42.5,0,0,39.0,1,1,1,1,16,15,8,37,28,49,28,29,29,28,6,61,32,15,11,35,16,51,41,8,25,7,33,12,1,32,1,129.5,128.6,128.6,110.9,112.9,112.9,18.6,15.7,15.7,0.389,3.5,24.1,0.161,0.0,0.075,6.9,6.6,0.5,0.581,0.265,0.285,95.69,95.18,79.31,95.18,0.159,70,9.0,18.0,8,8,8,29,29,29,6,10,10,8,20,27,2,61,39,34,33,38,40,24,20,44,46,46,43,15,8,0.333,0.316,0.0,0.0,0.233,0.242,0.385,0.0,0.132,0.467,0.182,0.167,0.0,0.5,0.125,0.4,0.278,14,4,28,49,60,59,21,61,50,9,35,45,16,44,38,32,42,1.0,0.0,0.72,0.0,0.0,0.16,0.28,0.16,0.72,0.222,0.778,0.0,0.0,0.222,0.778,1,49,13,42,28,21,39,35,4,51,14,22,11,53,12,IND,True
2022-23,MIA,2023-02-10T00:00:00,W,28.383333333333333,4,11,0.364,0,1,0.0,8,8,1.0,2,2,4,4,1,2,1,1,0,5,16,7,34.8,0,0,30.0,1,1,1,1,56,59,46,57,28,28,28,21,29,1,26,42,41,41,33,16,5,30,1,29,52,16,49,12,1,51,1,105.8,106.9,106.9,89.3,94.8,94.8,16.5,12.1,12.1,0.25,4.0,20.0,0.071,0.063,0.067,5.0,5.1,0.364,0.551,0.25,0.244,101.64,98.09,81.74,98.09,0.176,58,4.0,11.0,51,48,48,3,3,3,9,16,16,35,14,36,30,48,44,24,25,59,49,34,43,18,28,28,38,59,46,0.2,0.229,0.0,0.043,0.571,0.533,0.4,0.105,0.167,0.286,0.111,0.286,0.25,0.333,0.0,0.455,0.258,49,36,28,42,21,26,17,43,40,41,19,31,14,36,1,23,48,0.909,0.091,0.5,0.0,0.0,0.0,0.5,0.0,0.5,0.25,0.75,0.0,0.0,0.25,0.75,33,31,48,42,28,50,7,57,29,45,15,22,11,49,13,HOU,True
2022-23,MIA,2023-02-11T00:00:00,W,33.733333333333334,7,17,0.412,0,1,0.0,8,8,1.0,2,5,7,6,3,2,2,1,2,6,22,14,48.4,0,0,43.0,1,1,1,1,32,32,11,52,28,28,28,21,29,1,26,12,18,21,5,16,3,30,41,19,38,4,21,12,1,22,1,110.0,105.8,105.8,85.7,85.5,85.5,24.3,20.3,20.3,0.333,2.0,20.0,0.069,0.143,0.109,10.0,10.2,0.412,0.536,0.308,0.316,96.19,98.18,81.82,98.18,0.2,69,7.0,17.0,38,53,53,2,1,1,3,5,5,14,34,36,32,26,19,54,54,52,52,8,8,43,27,27,22,32,11,0.28,0.321,0.0,0.05,0.444,0.421,0.25,0.2,0.212,0.4,0.231,0.286,0.5,1.0,0.167,0.375,0.301,30,3,28,38,41,41,36,29,29,16,46,31,3,58,46,36,36,0.941,0.059,0.636,0.091,0.0,0.091,0.364,0.364,0.545,0.571,0.429,0.0,0.0,0.571,0.429,19,44,22,34,28,38,25,3,24,16,49,22,11,17,47,ORL,False
2022-23,MIA,2023-02-13T00:00:00,L,32.31666666666667,8,18,0.444,1,2,0.5,7,7,1.0,3,7,10,9,1,1,0,2,0,5,24,-3,51.5,1,0,46.0,1,36,36,36,49,22,8,47,8,12,11,29,39,1,14,5,6,3,33,35,16,51,1,29,27,43,13,1,1,16,1,106.5,115.6,115.6,124.3,120.3,120.3,-17.8,-4.7,-4.7,0.529,9.0,29.0,0.083,0.292,0.167,3.2,3.2,0.472,0.569,0.293,0.296,97.61,95.06,79.22,95.06,0.206,64,8.0,18.0,49,28,28,56,45,45,59,47,47,1,2,17,23,2,4,13,13,45,43,12,15,38,47,47,19,22,8,0.32,0.3,0.111,0.083,0.467,0.412,0.6,0.368,0.417,0.563,0.143,0.25,0.0,0.667,0.0,0.417,0.324,20,9,18,22,37,43,3,3,2,3,24,35,16,54,1,29,26,0.889,0.111,0.583,0.0,0.125,0.0,0.292,0.167,0.583,0.429,0.571,0.0,1.0,0.375,0.625,38,27,40,42,17,50,36,33,20,28,37,22,1,39,25,DEN,True
2022-23,MIA,2023-02-15T00:00:00,L,32.016666666666666,4,11,0.364,0,0,0.0,5,5,1.0,3,0,3,6,1,0,0,2,1,4,13,-9,24.6,0,0,22.0,1,36,36,36,51,59,46,57,28,49,28,43,50,1,14,61,51,21,33,50,16,51,16,45,58,57,60,12,1,59,1,119.7,120.0,120.0,131.0,135.0,135.0,-11.3,-15.0,-15.0,0.25,6.0,30.0,0.1,0.0,0.057,5.0,5.0,0.364,0.492,0.206,0.211,91.45,89.95,74.96,89.95,0.081,60,4.0,11.0,18,20,20,62,63,63,57,58,58,35,6,14,15,61,54,24,24,59,60,51,51,59,62,62,61,59,46,0.143,0.196,0.0,0.0,0.5,0.357,0.429,0.0,0.125,0.429,0.2,0.0,0.0,0.5,0.083,0.267,0.181,61,48,28,49,31,51,12,61,52,13,39,50,16,44,26,56,59,1.0,0.0,0.615,0.154,0.0,0.0,0.385,0.0,0.462,0.25,0.75,0.0,0.0,0.25,0.75,1,49,28,19,28,50,17,57,36,45,15,22,11,49,13,BKN,False
2022-23,MIA,2023-02-24T00:00:00,L,21.35,8,10,0.8,1,1,1.0,6,8,0.75,1,1,2,1,2,0,0,1,1,5,23,-13,24.9,0,0,27.0,1,36,36,36,64,22,54,2,8,28,1,38,29,48,39,50,59,60,11,50,16,30,16,29,33,61,59,12,1,55,1,99.1,95.7,95.7,121.1,123.9,123.9,-22.0,-28.3,-28.3,0.111,0.5,5.9,0.038,0.045,0.042,11.8,12.1,0.85,0.851,0.32,0.327,102.83,103.42,86.18,103.42,0.194,46,8.0,10.0,58,61,61,52,53,53,61,61,61,57,51,62,39,51,59,59,59,2,3,4,5,10,3,3,27,22,54,0.471,0.244,0.333,0.063,0.857,0.8,0.333,0.059,0.1,0.125,1.0,0.0,0.0,1.0,0.167,0.625,0.523,1,31,3,28,1,5,26,51,58,59,64,50,16,58,46,2,1,0.9,0.1,0.609,0.087,0.13,0.087,0.261,0.087,0.522,0.286,0.714,0.0,1.0,0.25,0.75,36,29,36,35,14,39,46,49,28,42,22,22,1,49,13,MIL,False
2022-23,MIA,2023-02-25T00:00:00,L,33.43333333333333,6,8,0.75,0,0,0.0,16,20,0.8,1,2,3,6,3,1,0,1,1,9,28,11,40.6,0,0,39.0,1,36,36,36,36,38,57,4,28,49,28,3,2,40,39,42,51,21,5,35,16,30,16,5,12,7,39,12,1,32,1,109.9,111.3,111.3,96.9,95.8,95.8,13.0,15.5,15.5,0.316,2.0,23.1,0.033,0.05,0.043,11.5,11.6,0.75,0.833,0.256,0.258,101.96,101.93,84.95,101.93,0.227,71,6.0,8.0,39,39,39,5,4,4,12,12,12,20,34,30,43,49,58,58,58,9,6,31,32,16,4,4,9,38,57,0.24,0.151,0.0,0.0,0.762,0.741,0.2,0.08,0.1,0.316,0.25,0.25,0.0,1.0,0.071,0.563,0.354,40,59,28,49,7,8,44,49,58,34,48,35,16,58,20,10,14,1.0,0.0,0.429,0.0,0.0,0.071,0.571,0.179,0.429,0.833,0.167,0.0,0.0,0.833,0.167,1,49,58,42,28,45,3,30,48,2,63,22,11,2,63,CHA,False
2022-23,MIA,2023-02-27T00:00:00,W,32.13333333333333,9,14,0.643,1,1,1.0,4,6,0.667,4,7,11,9,3,4,0,0,1,4,23,-1,58.7,1,0,52.0,1,1,1,1,50,15,27,15,8,28,1,52,46,55,7,5,3,3,5,5,16,1,16,45,33,35,7,1,1,6,1,105.7,106.3,106.3,101.6,106.3,106.3,4.1,0.1,0.1,0.529,3.0,31.0,0.114,0.25,0.175,10.3,10.5,0.679,0.691,0.267,0.268,97.33,94.85,79.05,94.85,0.308,63,9.0,14.0,52,49,49,12,20,20,27,34,34,1,24,12,12,4,3,55,55,17,21,21,26,39,48,48,1,15,27,0.346,0.233,0.125,0.053,0.571,0.6,0.4,0.35,0.367,0.643,0.333,0.667,0.0,0.0,0.083,0.333,0.343,11,34,13,33,21,15,17,6,5,1,57,5,16,1,26,42,18,0.929,0.071,0.696,0.0,0.13,0.087,0.174,0.174,0.696,0.0,1.0,1.0,0.0,0.111,0.889,27,36,15,42,14,39,56,31,6,61,1,1,11,59,6,PHI,False
2022-23,MIA,2023-03-01T00:00:00,L,27.183333333333334,6,8,0.75,0,0,0.0,4,4,1.0,2,1,3,3,1,1,0,0,1,5,16,-10,26.1,0,0,24.0,1,36,36,36,60,38,57,4,28,49,28,52,55,1,26,50,51,49,33,35,16,1,16,29,52,58,55,12,1,57,1,107.1,107.7,107.7,127.0,124.5,124.5,-19.9,-16.8,-16.8,0.188,3.0,23.1,0.091,0.04,0.064,7.7,7.3,0.75,0.82,0.175,0.191,92.03,92.7,77.25,92.7,0.161,52,6.0,8.0,47,46,46,59,55,55,60,60,60,46,24,30,20,52,48,41,41,9,10,58,56,56,53,53,41,38,57,0.273,0.182,0.0,0.0,0.364,0.333,0.5,0.056,0.136,0.3,0.143,0.333,0.0,0.0,0.143,0.385,0.286,32,54,28,49,49,52,6,53,49,38,24,24,16,1,42,34,38,1.0,0.0,0.75,0.125,0.0,0.125,0.25,0.125,0.625,0.667,0.333,0.0,0.0,0.667,0.333,1,49,11,26,28,28,48,38,14,8,55,22,11,9,53,PHI,True
2022-23,MIA,2023-03-03T00:00:00,L,32.986666666666665,7,15,0.467,1,2,0.5,18,20,0.9,6,2,8,5,0,2,0,3,0,12,33,18,56.1,0,0,51.0,1,36,36,36,41,32,23,43,8,12,11,2,2,24,1,42,10,31,54,16,16,61,1,2,7,1,11,12,1,7,1,143.9,144.6,144.6,117.4,115.2,115.2,26.5,29.5,29.5,0.227,0.0,17.2,0.214,0.087,0.157,0.0,0.0,0.5,0.693,0.316,0.32,94.61,95.31,79.43,95.31,0.231,65,7.0,15.0,2,2,2,42,31,31,2,1,1,41,54,42,1,40,7,1,1,38,20,7,7,47,43,43,8,32,23,0.241,0.268,0.1,0.118,0.692,0.714,0.667,0.095,0.267,0.313,0.0,0.4,0.0,0.75,0.0,0.667,0.351,38,17,24,10,12,10,1,48,15,35,1,16,16,57,1,1,15,0.867,0.133,0.364,0.0,0.091,0.121,0.545,0.121,0.364,0.333,0.667,0.0,1.0,0.286,0.714,41,23,60,42,24,30,5,40,59,39,24,22,1,44,19,NYK,True
2022-23,MIA,2023-03-04T00:00:00,W,33.96666666666667,5,8,0.625,1,1,1.0,4,4,1.0,3,8,11,7,2,2,0,0,1,4,15,9,42.7,1,0,38.0,1,1,1,1,29,48,57,16,8,28,1,52,55,1,14,3,3,15,11,16,16,1,16,45,57,12,32,1,1,37,1,111.0,111.4,111.4,100.3,98.6,98.6,10.7,12.9,12.9,0.28,3.5,38.9,0.091,0.235,0.164,11.1,10.7,0.688,0.768,0.139,0.15,98.27,98.92,82.43,98.92,0.203,70,5.0,8.0,33,38,38,9,6,6,18,15,15,28,20,2,20,5,6,56,57,15,15,64,64,34,20,20,21,48,57,0.167,0.131,0.125,0.037,0.4,0.333,0.375,0.32,0.333,0.318,0.167,0.5,0.0,0.0,0.077,0.333,0.192,58,63,13,45,46,52,22,7,6,32,31,7,16,1,22,42,57,0.875,0.125,0.533,0.0,0.2,0.467,0.267,0.2,0.533,0.75,0.25,1.0,0.0,0.8,0.2,40,25,45,42,6,2,44,26,25,3,59,1,11,3,62,ATL,True
2022-23,MIA,2023-03-06T00:00:00,W,32.74333333333333,8,14,0.571,0,0,0.0,10,12,0.833,4,6,10,9,2,0,0,0,2,8,26,0,49.5,1,0,45.0,1,1,1,1,43,22,27,25,28,49,28,11,10,36,7,9,6,3,11,50,16,1,41,8,19,31,17,1,1,18,1,124.1,118.3,118.3,118.8,123.5,123.5,5.3,-5.2,-5.2,0.45,4.5,29.0,0.143,0.188,0.167,6.5,6.6,0.571,0.674,0.275,0.281,101.44,101.88,84.9,101.88,0.215,71,8.0,14.0,14,24,24,45,52,52,23,48,48,5,13,17,6,11,4,32,34,29,27,18,21,19,5,5,14,22,27,0.286,0.255,0.0,0.0,0.526,0.545,0.5,0.353,0.4,0.6,0.182,0.0,0.0,0.0,0.167,0.5,0.31,28,25,28,49,30,25,6,5,3,2,35,50,16,1,46,14,33,1.0,0.0,0.615,0.154,0.0,0.154,0.385,0.192,0.462,0.0,1.0,0.0,0.0,0.0,1.0,1,49,28,19,28,22,17,29,36,61,1,22,11,62,1,ATL,True
2022-23,MIA,2023-03-08T00:00:00,L,35.035,8,14,0.571,0,1,0.0,12,15,0.8,4,1,5,5,2,2,1,2,1,9,28,-4,48.5,0,0,44.0,1,36,36,36,17,22,27,25,28,28,28,7,5,40,7,50,32,31,11,16,5,51,16,5,12,49,20,12,1,20,1,105.6,104.2,104.2,108.2,111.3,111.3,-2.5,-7.1,-7.1,0.278,2.5,17.9,0.133,0.036,0.086,7.1,7.2,0.571,0.68,0.284,0.286,98.67,97.96,81.63,97.96,0.199,72,8.0,14.0,53,56,56,24,27,27,40,50,50,29,31,40,9,56,31,37,40,29,26,14,19,31,30,30,25,22,27,0.308,0.264,0.0,0.05,0.632,0.6,0.5,0.05,0.179,0.313,0.133,0.333,0.333,1.0,0.091,0.45,0.373,23,20,28,38,15,15,6,56,39,35,22,24,10,58,29,25,9,0.929,0.071,0.571,0.0,0.0,0.071,0.429,0.286,0.571,0.5,0.5,0.0,0.0,0.5,0.5,27,36,41,42,28,45,13,10,21,17,42,22,11,20,38,CLE,True
2022-23,MIA,2023-03-10T00:00:00,W,35.03333333333333,12,16,0.75,1,1,1.0,8,9,0.889,2,3,5,3,1,0,1,0,2,5,33,-5,45.5,0,0,44.0,1,1,1,1,18,2,16,4,8,28,1,21,25,26,26,37,32,49,33,50,5,1,41,29,7,51,29,12,1,20,1,126.5,123.6,123.6,131.3,130.6,130.6,-4.8,-6.9,-6.9,0.158,3.0,12.5,0.069,0.088,0.079,4.2,4.2,0.781,0.827,0.25,0.258,97.25,98.65,82.21,98.65,0.2,72,12.0,16.0,11,14,14,63,61,61,46,49,49,51,24,51,32,39,37,18,18,6,7,34,31,41,23,23,22,2,16,0.387,0.267,0.111,0.053,0.444,0.474,0.182,0.13,0.147,0.2,0.077,0.0,0.25,0.0,0.125,0.313,0.371,5,18,18,33,41,31,48,40,46,53,12,50,14,1,38,49,10,0.938,0.063,0.667,0.242,0.091,0.061,0.242,0.061,0.424,0.182,0.818,1.0,0.0,0.25,0.75,22,39,17,5,24,47,49,54,49,54,10,1,11,49,13,CLE,True
2022-23,MIA,2023-03-11T00:00:00,L,39.04333333333334,14,25,0.56,2,7,0.286,8,8,1.0,1,4,5,2,2,1,0,1,2,7,38,-8,48.0,0,0,49.0,1,36,36,36,3,1,1,28,2,1,24,21,29,1,39,24,32,56,11,35,16,30,41,15,1,54,23,12,1,10,1,101.3,106.3,106.3,112.4,117.7,117.7,-11.1,-11.5,-11.5,0.125,1.0,6.5,0.026,0.098,0.063,6.5,6.2,0.6,0.666,0.333,0.351,102.43,97.74,81.45,97.74,0.194,80,14.0,25.0,56,50,50,32,41,41,56,54,54,54,45,61,53,38,49,32,32,23,30,1,1,11,31,31,28,1,1,0.467,0.368,0.25,0.269,0.471,0.444,0.333,0.19,0.208,0.154,0.182,0.167,0.0,0.125,0.167,0.412,0.447,2,1,6,1,36,37,26,33,30,57,35,45,16,30,46,31,2,0.72,0.28,0.632,0.105,0.158,0.053,0.21,0.211,0.526,0.25,0.75,0.5,0.5,0.286,0.714,62,3,23,32,11,49,51,25,27,45,15,19,7,44,19,ORL,False
2022-23,MIA,2023-03-13T00:00:00,W,31.2,5,14,0.357,1,2,0.5,13,15,0.867,4,4,8,4,1,4,2,2,1,8,24,9,56.6,0,0,49.0,1,1,1,1,54,48,27,60,8,12,11,5,5,33,7,24,10,41,33,5,3,51,16,8,27,12,10,12,1,10,1,119.8,118.8,118.8,107.0,103.1,103.1,12.8,15.7,15.7,0.235,4.0,15.4,0.121,0.121,0.121,3.8,3.9,0.393,0.583,0.301,0.302,96.98,99.23,82.69,99.23,0.19,64,5.0,14.0,17,22,22,21,11,11,13,11,11,39,14,47,11,34,15,15,15,55,39,10,12,42,19,19,29,48,27,0.227,0.259,0.111,0.08,0.565,0.577,0.5,0.222,0.308,0.333,0.167,0.444,0.5,0.667,0.25,0.5,0.316,46,22,18,25,23,23,6,19,10,27,31,12,3,54,59,14,30,0.857,0.143,0.333,0.167,0.125,0.292,0.542,0.167,0.167,0.5,0.5,1.0,0.0,0.6,0.4,43,21,63,16,17,5,6,33,64,17,42,1,11,14,49,UTA,True
2022-23,MIA,2023-03-15T00:00:00,W,27.883333333333333,6,11,0.545,0,0,0.0,11,12,0.917,3,5,8,6,1,2,1,1,0,6,23,17,49.6,0,0,43.0,1,1,1,1,58,38,46,30,28,49,28,8,10,21,14,12,10,21,33,16,5,30,1,19,33,2,16,12,1,22,1,131.7,130.5,130.5,101.4,101.7,101.7,30.3,28.8,28.8,0.286,6.0,26.1,0.136,0.167,0.154,4.3,4.3,0.545,0.706,0.266,0.272,101.29,101.57,84.64,101.57,0.243,59,6.0,11.0,4,6,6,10,9,9,1,2,2,26,6,22,7,18,8,20,20,34,18,23,24,20,8,8,7,38,46,0.222,0.229,0.0,0.0,0.786,0.706,0.6,0.238,0.308,0.375,0.125,0.5,0.333,1.0,0.0,0.6,0.299,47,36,28,49,5,11,3,17,10,23,21,7,10,58,1,4,37,1.0,0.0,0.522,0.087,0.0,0.217,0.478,0.217,0.435,0.167,0.833,0.0,0.0,0.167,0.833,1,49,46,35,28,13,10,22,46,56,9,22,11,56,8,MEM,True
2022-23,MIA,2023-03-18T00:00:00,L,32.733333333333334,8,13,0.615,0,1,0.0,8,10,0.8,3,4,7,1,1,0,0,0,3,8,24,-18,32.9,0,0,32.0,1,36,36,36,44,22,34,17,28,28,28,21,18,40,14,24,18,60,33,50,16,1,58,8,27,62,52,12,1,48,1,99.2,101.6,101.6,130.0,132.8,132.8,-30.7,-31.2,-31.2,0.071,1.0,5.0,0.094,0.174,0.127,5.0,5.2,0.615,0.69,0.26,0.261,92.24,90.18,75.15,90.18,0.142,62,8.0,13.0,57,57,57,61,62,62,62,62,62,62,45,63,18,15,13,24,26,20,22,26,28,54,61,61,47,22,34,0.364,0.245,0.0,0.043,0.533,0.588,0.429,0.222,0.28,0.083,0.1,0.0,0.0,0.0,0.429,0.615,0.381,7,28,28,42,27,20,12,19,12,63,16,50,16,1,64,3,5,0.923,0.077,0.667,0.25,0.0,0.0,0.333,0.083,0.417,0.375,0.625,0.0,0.0,0.375,0.625,30,33,17,3,28,50,28,50,50,36,27,22,11,39,25,CHI,False
2022-23,MIA,2023-03-19T00:00:00,W,34.96666666666667,8,11,0.727,0,0,0.0,10,11,0.909,3,1,4,10,1,1,0,0,1,6,26,0,47.8,1,0,42.0,1,1,1,1,19,22,46,11,28,49,28,11,13,22,14,50,41,2,33,35,16,1,16,19,19,31,24,1,1,26,1,130.0,125.0,125.0,125.3,126.9,126.9,4.8,-1.9,-1.9,0.476,10.0,37.0,0.1,0.033,0.067,3.7,3.7,0.727,0.821,0.218,0.23,91.42,92.66,77.22,92.66,0.187,68,8.0,11.0,5,12,12,57,59,59,25,37,37,4,1,3,15,57,44,14,14,12,8,47,47,60,54,54,31,22,46,0.276,0.19,0.0,0.0,0.556,0.579,0.375,0.05,0.143,0.385,0.143,0.25,0.0,0.0,0.1,0.5,0.306,31,51,28,49,25,22,22,56,47,20,24,35,16,1,33,14,35,1.0,0.0,0.615,0.154,0.0,0.0,0.385,0.115,0.462,0.75,0.25,0.0,0.0,0.75,0.25,1,49,28,19,28,50,17,41,36,3,59,22,11,4,58,DET,False
2022-23,MIA,2023-03-22T00:00:00,W,37.0,11,19,0.579,2,2,1.0,11,14,0.786,0,4,4,9,1,4,0,1,1,10,35,6,64.3,0,0,58.0,1,1,1,1,9,5,6,23,2,12,1,8,9,46,55,24,41,3,33,5,16,30,16,3,2,19,2,12,1,2,1,129.8,129.9,129.9,117.1,119.0,119.0,12.7,10.9,10.9,0.333,9.0,25.7,0.0,0.114,0.065,2.9,2.8,0.632,0.696,0.325,0.331,102.02,101.19,84.32,101.19,0.215,77,11.0,19.0,7,7,7,41,43,43,15,18,18,14,2,24,55,36,47,12,12,19,19,3,3,15,10,10,15,5,6,0.289,0.302,0.182,0.1,0.846,0.875,0.0,0.2,0.182,0.391,0.111,0.5,0.0,0.333,0.067,0.556,0.35,27,8,7,17,2,2,55,29,37,19,19,7,16,36,19,11,16,0.895,0.105,0.514,0.114,0.171,0.114,0.315,0.114,0.4,0.444,0.556,0.5,0.5,0.455,0.545,37,28,47,30,8,32,31,43,53,26,38,19,7,28,35,NYK,True
2022-23,MIA,2023-03-25T00:00:00,L,32.66833333333334,6,13,0.462,1,2,0.5,5,7,0.714,1,0,1,5,1,0,0,2,1,5,18,-33,25.7,0,0,25.0,1,36,36,36,46,38,34,45,8,12,11,43,39,52,39,61,62,31,33,50,16,51,16,29,44,64,56,12,1,56,1,98.5,104.9,104.9,162.8,161.7,161.7,-64.2,-56.7,-56.7,0.278,5.0,22.7,0.033,0.0,0.018,4.5,4.5,0.5,0.56,0.243,0.248,91.51,88.89,74.08,88.89,0.082,61,6.0,13.0,60,55,55,64,64,64,64,64,64,29,10,32,43,61,62,23,23,38,47,37,40,58,63,63,60,38,34,0.25,0.245,0.111,0.105,0.714,0.778,0.25,0.0,0.059,0.385,0.083,0.0,0.0,0.4,0.077,0.5,0.281,35,28,18,14,9,6,36,61,62,20,14,50,16,43,22,14,41,0.846,0.154,0.556,0.0,0.167,0.111,0.277,0.111,0.556,0.2,0.8,0.0,1.0,0.167,0.833,45,19,42,42,9,34,40,45,23,52,12,22,1,56,8,BKN,True
2022-23,MIA,2023-03-29T00:00:00,L,34.68333333333333,5,10,0.5,0,0,0.0,2,2,1.0,2,1,3,6,1,0,0,2,1,2,12,-8,23.6,0,0,21.0,1,36,36,36,22,48,54,37,28,49,28,59,61,1,26,50,51,21,33,50,16,51,16,63,61,54,61,12,1,60,1,98.1,92.9,92.9,103.6,107.4,107.4,-5.5,-14.5,-14.5,0.3,6.0,33.3,0.059,0.03,0.045,5.6,5.6,0.5,0.551,0.164,0.171,94.63,95.49,79.58,95.49,0.108,70,5.0,10.0,62,62,62,15,21,21,48,57,57,23,6,6,35,59,57,27,29,38,48,61,61,46,42,42,58,48,54,0.2,0.175,0.0,0.0,0.286,0.167,0.667,0.048,0.125,0.353,0.143,0.0,0.0,1.0,0.077,0.2,0.185,49,56,28,49,58,62,1,59,52,26,24,50,16,58,22,60,58,1.0,0.0,0.833,0.167,0.0,0.0,0.167,0.0,0.667,0.4,0.6,0.0,0.0,0.4,0.6,1,49,6,16,28,50,57,57,8,29,30,22,11,33,27,NYK,False
2022-23,MIA,2023-04-01T00:00:00,W,36.995,12,16,0.75,1,3,0.333,10,11,0.909,0,3,3,12,0,1,0,0,2,6,35,6,59.6,1,0,53.0,1,1,1,1,10,2,16,4,8,8,22,11,13,22,55,37,51,1,54,35,16,1,41,19,2,19,5,1,1,5,1,129.8,132.5,132.5,128.1,126.3,126.3,1.8,6.2,6.2,0.5,0.0,36.4,0.0,0.143,0.054,0.0,0.0,0.781,0.84,0.239,0.238,99.59,99.26,82.71,99.26,0.227,77,12.0,16.0,6,5,5,60,58,58,32,23,23,3,54,4,55,26,55,1,1,6,4,41,46,25,18,18,10,2,16,0.333,0.232,0.111,0.111,0.476,0.458,0.0,0.167,0.111,0.522,0.0,0.2,0.0,0.0,0.2,0.3,0.343,14,35,18,12,35,35,55,36,56,4,1,41,16,1,53,53,19,0.813,0.188,0.629,0.229,0.086,0.114,0.285,0.114,0.4,0.273,0.727,1.0,0.0,0.333,0.667,51,14,24,7,27,32,37,43,53,44,21,1,11,41,22,DAL,True
2022-23,MIA,2023-04-04T00:00:00,W,35.483333333333334,9,12,0.75,0,0,0.0,9,11,0.818,0,8,8,8,2,4,0,0,0,6,27,4,58.6,0,0,51.0,1,1,1,1,14,15,42,4,28,49,28,16,13,38,55,3,10,7,11,5,16,1,1,19,15,25,8,12,1,7,1,118.6,123.5,123.5,115.3,117.6,117.6,3.3,5.9,5.9,0.381,4.0,30.8,0.0,0.32,0.143,7.7,7.5,0.75,0.802,0.24,0.252,94.8,91.99,76.66,91.99,0.268,68,9.0,12.0,19,16,16,39,39,39,29,24,24,9,14,13,55,1,9,41,42,9,13,40,38,45,56,56,4,15,42,0.3,0.197,0.0,0.0,0.529,0.55,0.0,0.4,0.333,0.471,0.4,0.364,0.0,0.0,0.0,0.375,0.321,25,46,28,49,28,24,55,2,6,6,59,22,16,1,1,36,27,1.0,0.0,0.667,0.222,0.0,0.074,0.333,0.222,0.444,0.0,1.0,0.0,0.0,0.0,1.0,1,49,17,8,28,44,28,18,42,61,1,22,11,62,1,DET,False
2022-23,MIA,2023-04-06T00:00:00,W,29.163333333333334,9,12,0.75,1,3,0.333,5,6,0.833,0,3,3,6,0,0,0,0,1,5,24,11,36.6,0,0,34.0,1,1,1,1,55,15,42,4,8,8,22,43,46,36,55,37,51,21,54,50,16,1,16,29,27,7,45,12,1,44,1,141.5,140.0,140.0,121.1,120.0,120.0,20.5,20.0,20.0,0.3,0.0,30.0,0.0,0.15,0.065,0.0,0.0,0.792,0.82,0.23,0.242,89.64,90.52,75.44,90.52,0.183,55,9.0,12.0,3,3,3,51,44,44,4,6,6,23,54,14,55,23,46,1,1,4,10,46,44,63,60,60,33,15,42,0.31,0.222,0.091,0.12,0.625,0.6,0.0,0.176,0.13,0.273,0.0,0.0,0.0,0.0,0.143,0.556,0.312,22,38,26,9,16,15,55,35,51,42,1,50,16,1,42,11,32,0.75,0.25,0.667,0.167,0.125,0.083,0.208,0.083,0.5,0.5,0.5,1.0,0.0,0.556,0.444,57,4,17,16,17,41,52,50,29,17,42,1,11,19,46,PHI,False
