SEASON_YEAR,TEAM_ABBREVIATION,GAME_DATE,WL,MIN,FGM,FGA,FG_PCT,FG3M,FG3A,FG3_PCT,FTM,FTA,FT_PCT,OREB,DREB,REB,AST,TOV,STL,BLK,BLKA,PF,PFD,PTS,PLUS_MINUS,NBA_FANTASY_PTS,DD2,TD3,WNBA_FANTASY_PTS,AVAILABLE_FLAG,USG_PCT,PCT_FGM,PCT_FGA,PCT_FG3M,PCT_FG3A,PCT_FTM,PCT_FTA,PCT_OREB,PCT_DREB,PCT_REB,PCT_AST,PCT_TOV,PCT_STL,PCT_BLK,PCT_BLKA,PCT_PF,PCT_PFD,PCT_PTS,PTS_OFF_TOV,PTS_2ND_CHANCE,PTS_FB,PTS_PAINT,OPP_PTS_OFF_TOV,OPP_PTS_2ND_CHANCE,OPP_PTS_FB,OPP_PTS_PAINT,E_OFF_RATING,OFF_RATING,sp_work_OFF_RATING,E_DEF_RATING,DEF_RATING,sp_work_DEF_RATING,E_NET_RATING,NET_RATING,sp_work_NET_RATING,AST_PCT,AST_TO,AST_RATIO,OREB_PCT,DREB_PCT,REB_PCT,TM_TOV_PCT,E_TOV_PCT,EFG_PCT,TS_PCT,E_USG_PCT,E_PACE,PACE,PACE_PER40,sp_work_PACE,PIE,POSS,FGM_PG,FGA_PG,PCT_FGA_2PT,PCT_FGA_3PT,PCT_PTS_2PT,PCT_PTS_2PT_MR,PCT_PTS_3PT,PCT_PTS_FB,PCT_PTS_FT,PCT_PTS_OFF_TOV,PCT_PTS_PAINT,PCT_AST_2PM,PCT_UAST_2PM,PCT_AST_3PM,PCT_UAST_3PM,PCT_AST_FGM,PCT_UAST_FGM,OPPONENT,HOME,next_pts,team_code,opponent_code
2022-23,PHI,2022-10-18T00:00:00,L,37.27166666666667,9,14,0.643,5,9,0.556,12,12,1.0,0,8,8,7,3,0,0,0,3,4,35,1,52.1,0,0,55.0,1,0.226,0.3,0.222,0.455,0.321,0.632,0.522,0.0,0.333,0.286,0.5,0.273,0.0,0.0,0.0,0.158,0.222,0.389,7,0,0,6,17,2,22,28,112.3,116.9,116.9,117.4,118.7,118.7,-5.1,-1.8,-1.8,0.333,2.33,26.9,0.0,0.242,0.118,11.5,10.2,0.821,0.908,0.265,100.4,97.88,81.56,97.88,0.257,77,9.0,14.0,0.357,0.643,0.229,0.057,0.429,0.0,0.342,0.2,0.171,0.0,1.0,0.2,0.8,0.111,0.889,BOS,0,31.0,0,1
2022-23,PHI,2022-10-20T00:00:00,L,40.33166666666666,13,24,0.542,1,7,0.143,4,4,1.0,0,8,8,9,2,2,1,0,2,3,31,5,61.1,0,0,55.0,1,0.333,0.406,0.343,0.25,0.333,0.667,0.571,0.0,0.25,0.222,0.529,0.222,0.4,0.2,0.0,0.143,0.231,0.419,8,3,2,12,10,4,13,24,94.8,92.5,92.5,85.0,87.3,87.3,9.8,5.2,5.2,0.474,4.5,24.3,0.0,0.182,0.096,5.4,5.4,0.563,0.602,0.338,94.76,94.62,78.85,94.62,0.284,80,13.0,24.0,0.708,0.292,0.774,0.387,0.097,0.065,0.129,0.258,0.387,0.25,0.75,1.0,0.0,0.308,0.692,MIL,1,12.0,0,15
2022-23,PHI,2022-10-22T00:00:00,L,40.29833333333333,4,18,0.222,1,6,0.167,3,4,0.75,4,5,9,12,2,1,2,1,3,2,12,0,47.8,1,0,40.0,1,0.239,0.129,0.257,0.111,0.222,0.176,0.174,0.333,0.208,0.25,0.545,0.2,0.167,0.5,0.25,0.231,0.133,0.136,3,7,0,6,11,20,6,34,112.6,114.3,114.3,110.4,112.8,112.8,2.3,1.5,1.5,0.444,6.0,35.3,0.1,0.122,0.111,5.9,5.9,0.25,0.304,0.241,94.0,92.31,76.93,92.31,0.084,77,4.0,18.0,0.667,0.333,0.5,0.0,0.25,0.0,0.25,0.25,0.5,0.0,1.0,1.0,0.0,0.25,0.75,SAS,1,29.0,0,22
2022-23,PHI,2022-10-24T00:00:00,W,34.65,10,18,0.556,5,10,0.5,4,4,1.0,0,9,9,11,1,2,0,0,2,3,29,16,61.3,1,0,58.0,1,0.276,0.333,0.295,0.313,0.294,0.211,0.19,0.0,0.391,0.31,0.611,0.25,0.333,0.0,0.0,0.167,0.167,0.305,0,2,2,4,4,6,24,38,139.2,137.7,137.7,111.2,116.2,116.2,28.0,21.5,21.5,0.55,11.0,34.4,0.0,0.243,0.132,3.1,3.1,0.694,0.734,0.28,96.47,94.89,79.08,94.89,0.243,69,10.0,18.0,0.444,0.556,0.345,0.207,0.517,0.069,0.138,0.0,0.138,0.2,0.8,0.2,0.8,0.2,0.8,IND,1,18.0,0,10
2022-23,PHI,2022-10-26T00:00:00,L,35.65,5,12,0.417,3,6,0.5,5,6,0.833,0,7,7,9,3,0,1,2,2,7,18,-6,39.9,0,0,39.0,1,0.227,0.172,0.203,0.273,0.231,0.455,0.375,0.0,0.269,0.233,0.429,0.333,0.0,0.5,0.4,0.222,0.438,0.225,0,0,2,4,15,3,21,28,112.6,114.3,114.3,125.5,122.9,122.9,-12.9,-8.6,-8.6,0.375,3.0,34.6,0.0,0.226,0.111,11.5,11.3,0.542,0.615,0.235,93.95,94.25,78.54,94.25,0.126,70,5.0,12.0,0.5,0.5,0.222,0.0,0.5,0.111,0.278,0.0,0.222,0.0,1.0,0.0,1.0,0.0,1.0,TOR,0,11.0,0,23
2022-23,PHI,2022-10-28T00:00:00,W,33.71666666666667,4,9,0.444,0,3,0.0,3,3,1.0,1,3,4,4,5,0,2,1,2,5,11,3,22.8,0,0,23.0,1,0.194,0.16,0.158,0.0,0.1,0.5,0.5,0.167,0.15,0.154,0.267,0.385,0.0,0.5,0.333,0.125,0.455,0.164,5,0,3,8,12,11,11,32,100.5,103.1,103.1,92.4,97.0,97.0,8.1,6.1,6.1,0.19,0.8,22.2,0.031,0.079,0.057,27.8,25.9,0.444,0.533,0.211,96.72,93.25,77.71,93.25,0.071,65,4.0,9.0,0.667,0.333,0.727,0.0,0.0,0.273,0.273,0.455,0.727,0.0,1.0,0.0,0.0,0.0,1.0,TOR,0,15.0,0,23
2022-23,PHI,2022-10-29T00:00:00,W,35.99333333333333,2,13,0.154,0,5,0.0,11,11,1.0,0,6,6,11,3,2,0,1,0,6,15,-3,41.7,1,0,36.0,1,0.273,0.077,0.26,0.0,0.263,0.611,0.55,0.0,0.286,0.25,0.5,0.176,0.4,0.0,0.5,0.0,0.4,0.188,4,0,0,0,24,2,4,26,109.9,109.6,109.6,116.0,113.7,113.7,-6.1,-4.1,-4.1,0.458,3.67,34.4,0.0,0.231,0.118,9.4,9.4,0.154,0.42,0.275,96.26,97.35,81.13,97.35,0.142,73,2.0,13.0,0.615,0.385,0.267,0.267,0.0,0.0,0.733,0.267,0.0,0.0,1.0,0.0,0.0,0.0,1.0,CHI,0,23.0,0,3
2022-23,PHI,2022-10-31T00:00:00,W,37.61666666666667,8,17,0.471,2,6,0.333,5,6,0.833,0,7,7,17,4,2,0,2,2,6,23,8,58.9,1,0,53.0,1,0.28,0.222,0.266,0.286,0.3,0.455,0.353,0.0,0.241,0.226,0.85,0.4,0.2,0.0,0.5,0.154,0.429,0.256,1,0,0,10,8,6,13,42,113.2,115.4,115.4,104.5,105.1,105.1,8.8,10.3,10.3,0.607,4.25,42.5,0.0,0.194,0.103,10.0,9.8,0.529,0.586,0.29,100.78,99.53,82.94,99.53,0.193,78,8.0,17.0,0.647,0.353,0.522,0.087,0.261,0.0,0.217,0.043,0.435,0.0,1.0,0.0,1.0,0.0,1.0,WAS,0,24.0,0,25
2022-23,PHI,2022-11-02T00:00:00,L,35.06666666666667,8,18,0.444,3,8,0.375,5,6,0.833,0,5,5,10,3,1,0,2,2,6,24,-9,45.0,1,0,44.0,1,0.311,0.276,0.295,0.231,0.296,0.625,0.462,0.0,0.278,0.227,0.526,0.6,0.333,0.0,0.286,0.111,0.429,0.304,5,5,5,8,8,7,2,46,116.7,116.2,116.2,130.0,131.3,131.3,-13.4,-15.2,-15.2,0.476,3.33,30.3,0.0,0.2,0.083,9.1,8.9,0.528,0.581,0.33,92.67,92.4,77.0,92.4,0.153,68,8.0,18.0,0.556,0.444,0.417,0.083,0.375,0.208,0.208,0.208,0.333,0.0,1.0,0.667,0.333,0.25,0.75,WAS,1,21.0,0,25
2022-23,PHI,2022-12-05T00:00:00,L,38.41,4,19,0.211,4,11,0.364,9,10,0.9,1,3,4,7,7,2,0,2,2,7,21,4,35.3,0,0,40.0,1,0.353,0.174,0.352,0.444,0.524,0.36,0.323,0.125,0.15,0.143,0.583,0.538,0.286,0.0,0.667,0.095,0.35,0.263,3,3,0,0,13,15,0,28,110.1,109.6,109.6,98.0,105.6,105.6,12.1,4.0,4.0,0.368,1.0,18.9,0.029,0.07,0.052,18.9,18.7,0.316,0.449,0.377,93.85,90.6,75.5,90.6,0.093,73,4.0,19.0,0.421,0.579,0.0,0.0,0.571,0.0,0.429,0.143,0.0,0.0,0.0,0.0,1.0,0.0,1.0,HOU,0,28.0,0,9
2022-23,PHI,2022-12-09T00:00:00,W,47.345,9,19,0.474,3,8,0.375,7,8,0.875,1,3,4,12,5,2,1,2,2,7,28,10,54.8,1,0,53.0,1,0.234,0.214,0.241,0.2,0.229,0.368,0.364,0.143,0.1,0.108,0.462,0.238,0.167,0.5,0.667,0.071,0.304,0.237,9,0,8,6,29,8,32,48,114.9,115.7,115.7,107.1,106.9,106.9,7.9,8.8,8.8,0.364,2.4,31.6,0.026,0.075,0.051,13.2,12.7,0.553,0.622,0.251,103.19,102.9,85.75,102.9,0.144,102,9.0,19.0,0.579,0.421,0.429,0.214,0.321,0.286,0.25,0.321,0.214,0.167,0.833,0.333,0.667,0.222,0.778,LAL,1,19.0,0,12
2022-23,PHI,2022-12-11T00:00:00,W,38.23833333333334,6,12,0.5,3,8,0.375,4,5,0.8,1,8,9,16,4,0,1,0,3,3,19,18,52.8,1,0,49.0,1,0.198,0.158,0.171,0.231,0.308,0.211,0.227,0.143,0.296,0.265,0.593,0.364,0.0,0.2,0.0,0.15,0.167,0.176,2,0,0,6,14,20,20,38,129.1,131.7,131.7,105.2,108.4,108.4,23.9,23.3,23.3,0.5,4.0,47.1,0.029,0.174,0.111,11.8,11.7,0.625,0.669,0.201,106.22,103.56,86.3,103.56,0.169,82,6.0,12.0,0.333,0.667,0.316,0.0,0.474,0.0,0.21,0.105,0.316,0.333,0.667,0.333,0.667,0.333,0.667,CHA,1,21.0,0,2
2022-23,PHI,2022-12-13T00:00:00,W,35.916666666666664,7,13,0.538,4,7,0.571,3,6,0.5,0,7,7,15,6,5,0,1,2,4,21,24,60.9,1,0,57.0,1,0.268,0.212,0.21,0.333,0.25,0.167,0.25,0.0,0.241,0.226,0.6,0.667,0.556,0.0,0.5,0.118,0.222,0.219,3,3,6,4,7,11,19,34,120.7,120.0,120.0,90.7,88.9,88.9,29.9,31.1,31.1,0.577,2.5,40.5,0.0,0.184,0.101,16.2,16.4,0.692,0.671,0.265,106.19,107.58,89.65,107.58,0.207,80,7.0,13.0,0.462,0.538,0.286,0.095,0.571,0.286,0.143,0.143,0.19,0.333,0.667,0.25,0.75,0.286,0.714,SAC,1,27.0,0,21
2022-23,PHI,2022-12-16T00:00:00,W,36.486666666666665,8,15,0.533,4,8,0.5,7,9,0.778,1,4,5,9,4,0,0,1,4,5,27,8,42.5,0,0,45.0,1,0.267,0.267,0.242,0.364,0.276,0.28,0.31,0.1,0.143,0.132,0.563,0.364,0.0,0.0,0.25,0.364,0.278,0.281,2,0,2,6,9,13,13,28,126.7,126.3,126.3,116.0,117.3,117.3,10.7,9.0,9.0,0.409,2.25,28.1,0.029,0.093,0.065,12.5,12.5,0.667,0.712,0.268,99.72,99.32,82.77,99.32,0.135,76,8.0,15.0,0.467,0.533,0.296,0.074,0.444,0.074,0.26,0.074,0.222,0.0,1.0,0.5,0.5,0.25,0.75,GSW,1,14.0,0,8
2022-23,PHI,2022-12-19T00:00:00,W,41.93333333333333,5,14,0.357,1,6,0.167,3,3,1.0,0,7,7,8,5,1,0,2,2,2,14,14,32.4,0,0,32.0,1,0.225,0.208,0.219,0.083,0.171,0.13,0.12,0.0,0.219,0.194,0.444,0.455,0.143,0.0,0.667,0.125,0.105,0.169,2,3,4,8,10,6,10,28,101.2,102.5,102.5,84.3,86.3,86.3,16.9,16.2,16.2,0.421,1.6,28.6,0.0,0.163,0.083,17.9,17.7,0.393,0.457,0.236,93.77,92.15,76.79,92.15,0.115,81,5.0,14.0,0.571,0.429,0.571,0.0,0.214,0.286,0.215,0.143,0.571,0.25,0.75,1.0,0.0,0.4,0.6,TOR,1,15.0,0,23
2022-23,PHI,2022-12-21T00:00:00,W,32.56666666666667,6,14,0.429,2,7,0.286,1,2,0.5,0,2,2,8,4,1,1,0,2,3,15,8,31.4,0,0,31.0,1,0.229,0.222,0.215,0.25,0.25,0.071,0.125,0.0,0.091,0.059,0.444,0.4,0.167,0.167,0.0,0.133,0.273,0.197,7,0,4,8,9,14,6,24,108.5,107.0,107.0,93.7,95.8,95.8,14.8,11.3,11.3,0.381,2.0,29.6,0.0,0.061,0.028,14.8,14.9,0.5,0.504,0.23,105.09,104.65,87.21,104.65,0.1,71,6.0,14.0,0.5,0.5,0.533,0.0,0.4,0.267,0.067,0.467,0.533,0.25,0.75,0.0,1.0,0.167,0.833,DET,1,20.0,0,7
2022-23,PHI,2022-12-23T00:00:00,W,41.105,6,17,0.353,3,6,0.5,5,6,0.833,0,11,11,21,3,1,0,4,2,6,20,11,64.7,1,1,57.0,1,0.244,0.143,0.227,0.273,0.24,0.455,0.5,0.0,0.367,0.306,0.808,0.375,0.2,0.0,0.571,0.118,0.462,0.189,2,0,3,6,6,8,10,26,128.8,130.9,130.9,117.6,118.8,118.8,11.3,12.1,12.1,0.583,7.0,48.8,0.0,0.289,0.155,7.0,6.9,0.441,0.509,0.256,95.22,94.0,78.34,94.0,0.179,81,6.0,17.0,0.647,0.353,0.3,0.0,0.45,0.15,0.25,0.1,0.3,0.333,0.667,0.333,0.667,0.333,0.667,LAC,1,29.0,0,11
2022-23,PHI,2022-12-25T00:00:00,W,43.35,7,16,0.438,5,11,0.455,10,11,0.909,0,4,4,13,1,4,1,1,3,7,29,10,67.3,1,0,61.0,1,0.244,0.194,0.235,0.294,0.324,0.476,0.407,0.0,0.174,0.148,0.65,0.143,0.8,0.5,0.167,0.176,0.389,0.264,4,0,0,4,9,18,8,50,132.7,137.5,137.5,120.9,122.0,122.0,11.8,15.5,15.5,0.448,13.0,38.2,0.0,0.095,0.051,2.9,2.9,0.594,0.696,0.251,91.68,89.69,74.74,89.69,0.186,80,7.0,16.0,0.313,0.688,0.138,0.0,0.517,0.0,0.345,0.138,0.138,0.0,1.0,0.0,1.0,0.0,1.0,NYK,0,26.0,0,17
2022-23,PHI,2022-12-27T00:00:00,L,39.81666666666667,7,14,0.5,2,8,0.25,10,10,1.0,0,7,7,13,5,3,1,0,1,7,26,-2,60.9,1,0,56.0,1,0.24,0.206,0.184,0.4,0.276,0.625,0.588,0.0,0.28,0.206,0.722,0.455,0.429,0.143,0.0,0.067,0.438,0.292,2,3,2,10,16,18,7,34,104.1,109.9,109.9,111.2,113.8,113.8,-7.1,-3.9,-3.9,0.481,2.6,36.1,0.0,0.171,0.084,13.9,13.7,0.571,0.707,0.248,100.83,97.04,80.87,97.04,0.246,81,7.0,14.0,0.429,0.571,0.385,0.0,0.231,0.077,0.384,0.077,0.385,0.0,1.0,0.5,0.5,0.143,0.857,WAS,0,20.0,0,25
2022-23,PHI,2022-12-30T00:00:00,L,35.361666666666665,5,8,0.625,4,7,0.571,6,6,1.0,0,1,1,10,7,0,0,0,1,5,20,3,29.2,1,0,35.0,1,0.224,0.152,0.145,0.364,0.28,0.4,0.333,0.0,0.048,0.043,0.435,0.538,0.0,0.0,0.0,0.063,0.278,0.217,3,0,2,2,17,7,26,30,124.5,127.8,127.8,117.3,123.6,123.6,7.2,4.2,4.2,0.357,1.43,37.0,0.0,0.029,0.017,25.9,25.3,0.875,0.94,0.232,101.67,97.73,81.44,97.73,0.129,72,5.0,8.0,0.125,0.875,0.1,0.0,0.6,0.1,0.3,0.15,0.1,0.0,1.0,0.5,0.5,0.4,0.6,NOP,0,27.0,0,16
2022-23,PHI,2023-01-02T00:00:00,W,38.3,8,19,0.421,3,9,0.333,8,10,0.8,0,2,2,8,1,2,1,3,3,6,27,10,49.4,0,0,46.0,1,0.274,0.242,0.271,0.25,0.321,0.471,0.5,0.0,0.091,0.071,0.421,0.143,0.25,0.167,0.5,0.188,0.353,0.284,6,0,9,10,7,9,22,40,119.0,125.0,125.0,111.6,111.8,111.8,7.4,13.2,13.2,0.32,8.0,25.8,0.0,0.061,0.028,3.2,3.1,0.5,0.577,0.284,97.73,95.25,79.37,95.25,0.134,76,8.0,19.0,0.526,0.474,0.37,0.0,0.333,0.333,0.297,0.222,0.37,0.2,0.8,0.667,0.333,0.375,0.625,NOP,1,26.0,0,16
2022-23,PHI,2023-01-04T00:00:00,W,42.66666666666666,8,20,0.4,2,8,0.25,8,10,0.8,0,6,6,8,4,1,2,1,3,8,26,-4,50.2,0,0,48.0,1,0.275,0.222,0.25,0.167,0.258,0.471,0.5,0.0,0.231,0.15,0.533,0.364,0.333,0.4,0.143,0.273,0.5,0.257,9,4,0,10,11,15,31,50,117.7,118.8,118.8,119.9,122.1,122.1,-2.1,-3.3,-3.3,0.286,2.0,22.2,0.0,0.146,0.069,11.1,11.0,0.45,0.533,0.285,97.54,96.19,80.16,96.19,0.109,85,8.0,20.0,0.6,0.4,0.462,0.077,0.231,0.0,0.307,0.346,0.385,0.0,1.0,1.0,0.0,0.25,0.75,IND,1,17.0,0,10
2022-23,PHI,2023-01-06T00:00:00,L,33.71666666666667,4,17,0.235,3,9,0.333,6,8,0.75,5,2,7,11,1,1,0,2,0,4,17,-10,43.9,1,0,40.0,1,0.282,0.143,0.258,0.214,0.273,0.75,0.8,0.625,0.1,0.25,0.524,0.2,0.25,0.0,0.5,0.0,0.5,0.218,3,8,5,2,7,9,13,34,115.7,114.7,114.7,129.7,131.3,131.3,-14.0,-16.6,-16.6,0.458,11.0,33.3,0.128,0.069,0.103,3.0,3.1,0.324,0.414,0.285,96.27,96.09,80.08,96.09,0.103,68,4.0,17.0,0.471,0.529,0.118,0.0,0.529,0.294,0.353,0.176,0.118,0.0,1.0,1.0,0.0,0.75,0.25,CHI,1,20.0,0,3
2022-23,PHI,2023-01-08T00:00:00,W,28.05,7,14,0.5,3,5,0.6,3,4,0.75,1,10,11,11,1,0,1,0,2,5,20,7,51.7,1,1,47.0,1,0.243,0.269,0.25,0.6,0.263,0.25,0.308,0.125,0.5,0.393,0.917,0.167,0.0,0.2,0.0,0.182,0.455,0.29,1,0,4,8,6,4,4,32,115.5,115.0,115.0,98.7,105.1,105.1,16.9,9.9,9.9,0.579,11.0,39.3,0.032,0.333,0.18,3.6,3.6,0.607,0.635,0.247,104.86,101.82,84.85,101.82,0.268,60,7.0,14.0,0.643,0.357,0.4,0.0,0.45,0.2,0.15,0.05,0.4,0.0,1.0,0.0,1.0,0.0,1.0,DET,0,16.0,0,7
2022-23,PHI,2023-01-10T00:00:00,W,26.03333333333333,6,7,0.857,2,3,0.667,2,3,0.667,1,11,12,15,3,2,0,0,1,2,16,35,55.9,1,1,49.0,1,0.164,0.2,0.143,0.25,0.158,0.125,0.176,0.143,0.344,0.308,0.682,0.333,0.5,0.0,0.0,0.083,0.133,0.19,6,1,3,6,4,2,15,14,143.6,144.8,144.8,83.1,86.0,86.0,60.5,58.9,58.9,0.625,5.0,57.7,0.05,0.306,0.214,11.5,11.4,1.0,0.962,0.173,108.27,106.02,88.35,106.02,0.301,58,6.0,7.0,0.571,0.429,0.5,0.125,0.375,0.188,0.125,0.375,0.375,0.25,0.75,0.5,0.5,0.333,0.667,DET,1,24.0,0,7
2022-23,PHI,2023-01-12T00:00:00,L,36.425,6,13,0.462,5,10,0.5,7,8,0.875,0,6,6,15,7,1,0,0,3,5,24,-4,49.7,1,0,52.0,1,0.25,0.188,0.188,0.5,0.323,0.333,0.348,0.0,0.25,0.188,0.6,0.583,0.333,0.0,0.0,0.15,0.278,0.253,9,7,2,0,19,2,16,40,114.3,117.3,117.3,120.7,120.7,120.7,-6.4,-3.4,-3.4,0.577,2.14,39.5,0.0,0.194,0.087,18.4,18.2,0.654,0.726,0.258,108.8,107.4,89.5,107.4,0.16,81,6.0,13.0,0.231,0.769,0.083,0.083,0.625,0.083,0.292,0.375,0.0,0.0,1.0,1.0,0.0,0.833,0.167,OKC,1,31.0,0,18
2022-23,PHI,2023-01-14T00:00:00,W,37.66833333333334,11,19,0.579,4,10,0.4,5,5,1.0,1,5,6,11,2,0,0,0,4,3,31,-2,52.7,1,0,52.0,1,0.274,0.333,0.275,0.267,0.357,0.278,0.227,0.2,0.263,0.25,0.55,0.4,0.0,0.0,0.0,0.333,0.167,0.313,0,0,2,12,6,19,18,50,125.8,126.9,126.9,124.0,126.3,126.3,1.9,0.7,0.7,0.5,5.5,32.4,0.027,0.135,0.081,5.9,5.8,0.684,0.731,0.277,102.04,100.67,83.89,100.67,0.18,78,11.0,19.0,0.474,0.526,0.452,0.065,0.387,0.065,0.161,0.0,0.387,0.0,1.0,0.0,1.0,0.0,1.0,UTA,0,24.0,0,24
2022-23,PHI,2023-01-15T00:00:00,W,36.48333333333333,9,15,0.6,4,7,0.571,2,2,1.0,0,7,7,13,2,1,1,3,3,4,24,1,55.9,1,0,52.0,1,0.228,0.25,0.238,0.5,0.318,0.25,0.2,0.0,0.318,0.292,0.565,0.222,0.333,0.143,0.6,0.214,0.286,0.273,0,0,0,8,11,5,16,46,118.3,118.9,118.9,117.1,120.8,120.8,1.2,-1.9,-1.9,0.481,6.5,41.9,0.0,0.241,0.123,6.5,6.5,0.733,0.756,0.234,97.81,96.04,80.04,96.04,0.202,74,9.0,15.0,0.533,0.467,0.417,0.083,0.5,0.0,0.083,0.0,0.333,0.2,0.8,0.25,0.75,0.222,0.778,LAL,0,6.0,0,12
2022-23,PHI,2023-01-17T00:00:00,W,31.53333333333333,1,6,0.167,0,4,0.0,4,4,1.0,0,3,3,9,3,1,1,0,1,4,6,3,26.1,0,0,22.0,1,0.164,0.042,0.122,0.0,0.174,0.222,0.19,0.0,0.188,0.136,0.529,0.375,0.2,0.333,0.0,0.083,0.308,0.081,2,0,0,0,8,11,11,34,122.8,123.3,123.3,113.2,120.3,120.3,9.6,3.0,3.0,0.391,3.0,45.0,0.0,0.111,0.057,15.0,15.2,0.167,0.387,0.162,93.58,90.57,75.48,90.57,0.082,60,1.0,6.0,0.333,0.667,0.333,0.333,0.0,0.0,0.667,0.333,0.0,0.0,1.0,0.0,0.0,0.0,1.0,LAC,0,16.0,0,11
2022-23,PHI,2023-01-19T00:00:00,W,33.81666666666667,6,11,0.545,1,4,0.25,3,4,0.75,0,10,10,14,5,0,0,1,3,3,16,3,44.0,1,1,41.0,1,0.243,0.222,0.208,0.167,0.222,0.25,0.308,0.0,0.345,0.323,0.737,0.385,0.0,0.0,0.333,0.214,0.3,0.222,0,0,4,8,14,5,8,24,103.3,102.9,102.9,97.3,98.6,98.6,6.0,4.3,4.3,0.667,2.8,43.8,0.0,0.25,0.149,15.6,15.7,0.591,0.627,0.248,99.81,99.36,82.8,99.36,0.2,70,6.0,11.0,0.636,0.364,0.625,0.125,0.188,0.25,0.187,0.0,0.5,0.4,0.6,0.0,1.0,0.333,0.667,POR,0,23.0,0,20
2022-23,PHI,2023-01-25T00:00:00,W,35.13333333333333,6,12,0.5,5,10,0.5,6,7,0.857,0,3,3,7,6,2,1,0,4,4,23,4,40.1,0,0,44.0,1,0.256,0.2,0.211,0.385,0.37,0.222,0.25,0.0,0.158,0.111,0.368,0.545,0.333,0.25,0.0,0.286,0.19,0.23,5,0,0,2,20,8,17,40,138.3,140.8,140.8,133.5,137.1,137.1,4.8,3.7,3.7,0.292,1.17,25.0,0.0,0.125,0.059,21.4,21.4,0.708,0.763,0.262,98.53,96.32,80.27,96.32,0.103,71,6.0,12.0,0.167,0.833,0.087,0.0,0.652,0.0,0.261,0.217,0.087,0.0,1.0,0.4,0.6,0.333,0.667,BKN,1,17.0,0,0
2022-23,PHI,2023-01-28T00:00:00,W,35.78333333333333,5,10,0.5,3,6,0.5,4,6,0.667,1,3,4,13,0,0,0,1,1,2,17,-3,41.3,1,0,37.0,1,0.148,0.147,0.156,0.25,0.25,0.364,0.316,0.143,0.167,0.16,0.542,0.0,0.0,0.0,0.25,0.071,0.2,0.187,2,3,2,4,9,10,13,40,124.0,126.4,126.4,130.7,134.3,134.3,-6.7,-7.9,-7.9,0.448,0.0,52.0,0.03,0.12,0.069,0.0,0.0,0.65,0.672,0.157,97.44,95.24,79.37,95.24,0.14,72,5.0,10.0,0.4,0.6,0.235,0.0,0.529,0.118,0.236,0.118,0.235,0.0,1.0,1.0,0.0,0.6,0.4,DEN,1,17.0,0,6
2022-23,PHI,2023-01-30T00:00:00,L,34.958333333333336,5,14,0.357,3,9,0.333,4,4,1.0,0,8,8,6,2,0,0,0,2,2,17,-19,33.6,0,0,34.0,1,0.217,0.185,0.233,0.429,0.429,0.25,0.19,0.0,0.296,0.229,0.353,0.143,0.0,0.0,0.0,0.125,0.154,0.221,0,0,0,4,13,14,25,38,102.3,102.7,102.7,123.4,124.7,124.7,-21.1,-22.0,-22.0,0.273,3.0,25.0,0.0,0.19,0.105,8.3,8.4,0.464,0.539,0.213,105.07,104.35,86.96,104.35,0.114,75,5.0,14.0,0.357,0.643,0.235,0.0,0.529,0.0,0.236,0.0,0.235,0.5,0.5,0.667,0.333,0.6,0.4,ORL,1,26.0,0,19
2022-23,PHI,2023-02-01T00:00:00,W,37.56666666666667,7,13,0.538,6,10,0.6,6,7,0.857,1,8,9,10,7,1,0,0,2,6,26,7,47.8,1,0,53.0,1,0.271,0.25,0.213,0.5,0.323,0.4,0.412,0.2,0.276,0.265,0.435,0.467,0.167,0.0,0.0,0.111,0.462,0.313,3,0,0,2,18,14,10,36,105.8,105.1,105.1,96.1,96.2,96.2,9.7,8.9,8.9,0.476,1.43,30.3,0.03,0.174,0.114,21.2,21.2,0.769,0.808,0.276,100.69,100.94,84.12,100.94,0.225,79,7.0,13.0,0.231,0.769,0.077,0.0,0.692,0.0,0.231,0.115,0.077,0.0,1.0,0.5,0.5,0.429,0.571,ORL,1,16.0,0,19
2022-23,PHI,2023-02-03T00:00:00,W,24.78333333333333,4,10,0.4,2,5,0.4,6,8,0.75,1,3,4,8,3,0,0,0,0,3,16,7,29.8,0,0,30.0,1,0.267,0.182,0.233,0.286,0.357,0.333,0.364,0.143,0.231,0.2,0.471,0.429,0.0,0.0,0.0,0.0,0.214,0.232,3,0,3,4,10,4,2,36,131.0,130.2,130.2,112.8,117.0,117.0,18.2,13.2,13.2,0.444,2.67,33.3,0.045,0.158,0.098,12.5,12.2,0.5,0.592,0.277,104.24,102.65,85.54,102.65,0.134,53,4.0,10.0,0.5,0.5,0.25,0.0,0.375,0.188,0.375,0.188,0.25,0.5,0.5,0.5,0.5,0.5,0.5,SAS,0,12.0,0,22
2022-23,PHI,2023-02-05T00:00:00,L,38.2,4,11,0.364,0,4,0.0,4,6,0.667,0,8,8,12,2,2,1,0,3,6,12,15,46.6,1,0,38.0,1,0.193,0.154,0.2,0.0,0.2,0.143,0.182,0.0,0.25,0.216,0.571,0.2,0.667,0.25,0.0,0.214,0.25,0.138,2,0,2,6,9,18,7,32,116.7,113.0,113.0,97.9,96.0,96.0,18.9,17.0,17.0,0.545,6.0,42.9,0.0,0.174,0.104,7.1,7.2,0.364,0.44,0.197,93.03,95.5,79.58,95.5,0.165,77,4.0,11.0,0.636,0.364,0.667,0.167,0.0,0.167,0.333,0.167,0.5,0.25,0.75,0.0,0.0,0.25,0.75,NYK,0,26.0,0,17
2022-23,PHI,2023-02-08T00:00:00,L,37.36666666666667,8,14,0.571,3,7,0.429,7,8,0.875,0,3,3,11,1,1,1,1,2,4,26,1,51.1,1,0,47.0,1,0.257,0.276,0.226,0.333,0.269,0.5,0.444,0.0,0.136,0.125,0.733,0.25,0.143,0.333,0.333,0.2,0.25,0.321,5,5,0,6,5,4,4,26,112.6,115.7,115.7,114.9,114.3,114.3,-2.3,1.4,1.4,0.524,11.0,36.7,0.0,0.103,0.045,3.3,3.4,0.679,0.742,0.251,90.92,89.92,74.93,89.92,0.205,70,8.0,14.0,0.5,0.5,0.385,0.154,0.346,0.0,0.269,0.192,0.231,0.0,1.0,0.0,1.0,0.0,1.0,BOS,0,20.0,0,1
2022-23,PHI,2023-02-10T00:00:00,W,37.266666666666666,7,16,0.438,2,7,0.286,4,5,0.8,0,8,8,12,3,1,0,0,1,6,20,16,47.6,1,0,44.0,1,0.259,0.2,0.239,0.167,0.226,0.364,0.385,0.0,0.308,0.258,0.5,0.429,0.125,0.0,0.0,0.111,0.5,0.215,1,2,5,8,4,0,13,30,124.5,127.4,127.4,104.3,105.5,105.5,20.2,21.9,21.9,0.429,4.0,36.4,0.0,0.267,0.127,9.1,9.0,0.5,0.549,0.266,95.67,94.03,78.35,94.03,0.162,73,7.0,16.0,0.563,0.438,0.5,0.1,0.3,0.25,0.2,0.05,0.4,0.2,0.8,0.5,0.5,0.286,0.714,NYK,1,29.0,0,17
2022-23,PHI,2023-02-11T00:00:00,W,36.711666666666666,9,20,0.45,2,6,0.333,9,9,1.0,2,4,6,6,3,1,1,2,2,7,29,-1,48.2,0,0,47.0,1,0.351,0.409,0.351,0.4,0.333,0.529,0.5,0.286,0.154,0.182,0.667,0.25,0.25,0.5,0.4,0.222,0.583,0.439,2,2,0,10,16,12,6,26,94.4,97.1,97.1,96.5,98.5,98.5,-2.1,-1.5,-1.5,0.462,2.0,18.2,0.056,0.095,0.077,9.1,9.1,0.5,0.605,0.35,91.08,88.91,74.09,88.91,0.227,68,9.0,20.0,0.7,0.3,0.483,0.138,0.207,0.0,0.31,0.069,0.345,0.143,0.857,0.0,1.0,0.111,0.889,BKN,0,28.0,0,0
2022-23,PHI,2023-02-13T00:00:00,W,31.633333333333333,9,18,0.5,4,9,0.444,6,7,0.857,0,2,2,10,3,2,2,1,1,5,28,12,54.4,1,0,52.0,1,0.338,0.321,0.34,0.364,0.36,0.6,0.636,0.0,0.1,0.077,0.556,0.273,0.333,0.333,0.5,0.071,0.625,0.364,6,3,2,10,14,12,17,34,122.5,120.3,120.3,96.7,101.6,101.6,25.9,18.8,18.8,0.526,3.33,29.4,0.0,0.054,0.032,8.8,8.8,0.611,0.664,0.35,98.69,97.11,80.93,97.11,0.23,64,9.0,18.0,0.5,0.5,0.357,0.0,0.429,0.071,0.214,0.214,0.357,0.2,0.8,0.75,0.25,0.444,0.556,HOU,1,19.0,0,9
2022-23,PHI,2023-02-15T00:00:00,W,38.31666666666667,5,11,0.455,3,7,0.429,6,6,1.0,0,4,4,12,3,1,1,1,1,3,19,5,44.8,1,0,42.0,1,0.198,0.167,0.18,0.333,0.304,0.24,0.222,0.0,0.182,0.143,0.6,0.429,0.167,0.333,0.333,0.083,0.2,0.202,0,3,0,4,17,16,8,44,127.2,128.8,128.8,124.3,125.4,125.4,2.9,3.4,3.4,0.48,4.0,42.9,0.0,0.114,0.061,10.7,10.5,0.591,0.696,0.208,91.12,90.2,75.16,90.2,0.151,73,5.0,11.0,0.364,0.636,0.211,0.0,0.474,0.0,0.315,0.0,0.211,0.0,1.0,0.667,0.333,0.4,0.6,CLE,1,31.0,0,4
2022-23,PHI,2023-02-23T00:00:00,W,39.61666666666667,10,16,0.625,6,9,0.667,5,7,0.714,0,7,7,7,4,1,2,0,2,7,31,5,54.9,0,0,57.0,1,0.237,0.357,0.232,0.545,0.321,0.227,0.269,0.0,0.233,0.194,0.333,0.364,0.5,0.2,0.0,0.087,0.318,0.348,3,3,3,8,10,12,14,38,104.2,109.9,109.9,102.2,105.0,105.0,2.0,4.9,4.9,0.389,1.75,24.1,0.0,0.14,0.075,13.8,13.3,0.813,0.812,0.252,101.56,97.53,81.28,97.53,0.248,81,10.0,16.0,0.438,0.563,0.258,0.0,0.581,0.097,0.161,0.097,0.258,0.25,0.75,0.667,0.333,0.5,0.5,MEM,1,21.0,0,13
2022-23,PHI,2023-02-25T00:00:00,L,41.38333333333333,5,16,0.313,2,8,0.25,9,9,1.0,1,5,6,8,4,3,0,0,1,4,21,9,45.2,0,0,43.0,1,0.253,0.161,0.232,0.222,0.308,0.333,0.31,0.125,0.152,0.146,0.471,0.4,0.5,0.0,0.0,0.083,0.211,0.214,6,5,4,6,16,17,25,44,117.0,116.7,116.7,106.7,106.0,106.0,10.3,10.7,10.7,0.308,2.0,25.0,0.025,0.116,0.072,12.5,12.5,0.375,0.526,0.261,96.94,97.43,81.19,97.43,0.128,84,5.0,16.0,0.5,0.5,0.286,0.0,0.286,0.19,0.428,0.286,0.286,0.0,1.0,0.5,0.5,0.2,0.8,BOS,1,20.0,0,1
2022-23,PHI,2023-02-27T00:00:00,L,39.266666666666666,5,14,0.357,3,8,0.375,7,8,0.875,1,5,6,12,4,2,0,0,1,5,20,10,47.2,1,0,45.0,1,0.244,0.167,0.233,0.3,0.364,0.318,0.333,0.25,0.192,0.2,0.632,0.25,0.333,0.0,0.0,0.059,0.313,0.217,3,0,0,4,19,9,13,30,111.4,117.9,117.9,106.4,107.9,107.9,5.0,10.1,10.1,0.48,3.0,35.3,0.032,0.125,0.085,11.8,11.9,0.464,0.571,0.249,97.55,94.13,78.44,94.13,0.173,78,5.0,14.0,0.429,0.571,0.2,0.0,0.45,0.0,0.35,0.15,0.2,0.0,1.0,0.333,0.667,0.2,0.8,MIA,1,23.0,0,14
2022-23,PHI,2023-03-01T00:00:00,W,36.61666666666667,6,15,0.4,4,9,0.444,7,7,1.0,2,5,7,5,3,0,1,0,2,5,23,17,38.9,0,0,41.0,1,0.273,0.214,0.238,0.333,0.29,0.412,0.412,0.286,0.192,0.212,0.294,0.5,0.0,0.2,0.0,0.125,0.417,0.271,2,2,2,4,4,2,7,36,122.3,121.4,121.4,95.7,94.4,94.4,26.6,27.0,27.0,0.227,1.67,19.2,0.057,0.143,0.1,11.5,11.5,0.533,0.636,0.276,92.1,93.07,77.56,93.07,0.152,70,6.0,15.0,0.4,0.6,0.174,0.0,0.522,0.087,0.304,0.087,0.174,0.0,1.0,0.5,0.5,0.333,0.667,MIA,0,27.0,0,14
2022-23,PHI,2023-03-02T00:00:00,L,38.2,8,12,0.667,5,7,0.714,6,6,1.0,0,4,4,13,6,0,0,0,1,5,27,-21,45.3,1,0,49.0,1,0.233,0.222,0.185,0.5,0.304,0.353,0.273,0.0,0.211,0.167,0.52,0.667,0.0,0.0,0.0,0.063,0.294,0.273,7,3,3,6,13,6,16,30,125.8,123.8,123.8,150.4,153.8,153.8,-24.5,-30.1,-30.1,0.464,2.17,39.4,0.0,0.138,0.068,18.2,17.8,0.875,0.922,0.247,99.57,99.27,82.72,99.27,0.158,80,8.0,12.0,0.417,0.583,0.222,0.0,0.556,0.111,0.222,0.259,0.222,0.667,0.333,0.4,0.6,0.5,0.5,DAL,0,38.0,0,5
2022-23,PHI,2023-03-04T00:00:00,W,39.15,11,26,0.423,5,9,0.556,11,11,1.0,4,5,9,10,2,1,0,2,1,6,38,5,64.8,1,0,64.0,1,0.36,0.314,0.366,0.357,0.321,0.407,0.355,0.5,0.227,0.3,0.556,0.667,0.25,0.0,0.667,0.056,0.3,0.342,4,2,0,10,0,7,10,36,139.4,140.5,140.5,134.0,134.2,134.2,5.4,6.3,6.3,0.417,5.0,23.8,0.108,0.167,0.134,4.8,4.7,0.519,0.616,0.375,97.32,96.86,80.72,96.86,0.191,79,11.0,26.0,0.654,0.346,0.316,0.053,0.395,0.0,0.289,0.105,0.263,0.0,1.0,0.4,0.6,0.182,0.818,MIL,0,14.0,0,15
2022-23,PHI,2023-03-06T00:00:00,W,39.53333333333333,3,11,0.273,1,6,0.167,7,9,0.778,1,8,9,20,1,0,0,2,0,5,14,13,53.8,1,0,44.0,1,0.165,0.075,0.159,0.071,0.194,0.233,0.273,0.2,0.258,0.25,0.645,0.1,0.0,0.0,0.667,0.0,0.238,0.113,0,0,5,4,15,11,11,60,140.1,139.3,139.3,122.0,126.1,126.1,18.1,13.2,13.2,0.541,20.0,55.6,0.033,0.2,0.129,2.8,2.8,0.318,0.468,0.171,108.98,107.45,89.54,107.45,0.141,89,3.0,11.0,0.455,0.545,0.286,0.0,0.214,0.357,0.5,0.0,0.286,0.0,1.0,0.0,1.0,0.0,1.0,IND,0,19.0,0,10
2022-23,PHI,2023-03-10T00:00:00,W,39.16666666666666,6,14,0.429,2,8,0.25,5,5,1.0,1,8,9,8,2,0,0,1,3,3,19,-3,39.8,0,0,38.0,1,0.198,0.182,0.203,0.222,0.286,0.25,0.217,0.1,0.333,0.265,0.471,0.333,0.0,0.0,1.0,0.188,0.214,0.2,2,2,5,8,9,2,12,34,126.5,125.0,125.0,127.4,127.3,127.3,-0.9,-2.3,-2.3,0.296,4.0,32.0,0.026,0.258,0.13,8.0,7.6,0.5,0.586,0.214,93.16,93.75,78.13,93.75,0.123,76,6.0,14.0,0.429,0.571,0.421,0.0,0.316,0.263,0.263,0.105,0.421,0.25,0.75,0.5,0.5,0.333,0.667,POR,1,18.0,0,20
2022-23,PHI,2023-03-12T00:00:00,W,32.8,6,11,0.545,3,7,0.429,3,4,0.75,0,2,2,14,3,1,0,0,0,4,18,25,41.4,1,0,39.0,1,0.213,0.188,0.19,0.333,0.412,0.214,0.25,0.0,0.08,0.063,0.609,0.5,0.25,0.0,0.0,0.0,0.308,0.207,2,6,1,6,11,6,11,42,135.9,131.8,131.8,91.4,95.4,95.4,44.5,36.4,36.4,0.538,4.67,46.7,0.0,0.054,0.032,10.0,10.1,0.682,0.705,0.222,96.5,95.85,79.88,95.85,0.181,66,6.0,11.0,0.364,0.636,0.333,0.0,0.5,0.056,0.167,0.111,0.333,0.0,1.0,0.333,0.667,0.167,0.833,WAS,1,28.0,0,25
2022-23,PHI,2023-03-15T00:00:00,W,40.38333333333333,8,18,0.444,3,9,0.333,9,12,0.75,1,5,6,12,4,3,0,0,4,6,28,16,58.2,1,0,55.0,1,0.3,0.235,0.277,0.2,0.29,0.474,0.522,0.083,0.179,0.15,0.6,0.286,0.429,0.0,0.0,0.235,0.375,0.275,5,9,2,8,12,12,6,30,132.3,134.2,134.2,108.8,111.7,111.7,23.5,22.5,22.5,0.462,3.0,30.8,0.031,0.116,0.08,10.3,10.2,0.528,0.601,0.306,92.81,90.93,75.77,90.93,0.179,76,8.0,18.0,0.5,0.5,0.357,0.071,0.321,0.071,0.322,0.179,0.286,0.0,1.0,1.0,0.0,0.375,0.625,CLE,0,11.0,0,4
2022-23,PHI,2023-03-17T00:00:00,W,31.383333333333333,4,15,0.267,0,6,0.0,3,4,0.75,3,8,11,10,2,3,0,2,1,2,11,25,46.2,1,1,38.0,1,0.24,0.125,0.238,0.0,0.316,0.273,0.267,0.333,0.258,0.275,0.625,0.286,0.5,0.0,0.5,0.083,0.182,0.136,4,0,2,8,9,7,8,24,119.8,124.6,124.6,83.9,83.6,83.6,35.9,41.0,41.0,0.357,5.0,35.7,0.094,0.2,0.153,7.1,7.0,0.267,0.328,0.245,102.72,100.95,84.12,100.95,0.146,65,4.0,15.0,0.6,0.4,0.727,0.0,0.0,0.182,0.273,0.364,0.727,0.0,1.0,0.0,0.0,0.0,1.0,CHA,0,5.0,0,2
2022-23,PHI,2023-03-20T00:00:00,L,46.61666666666667,2,14,0.143,0,6,0.0,1,1,1.0,0,7,7,12,5,1,1,3,2,5,5,-11,32.4,0,0,28.0,1,0.192,0.063,0.189,0.0,0.214,0.091,0.083,0.0,0.2,0.167,0.5,0.263,0.143,0.167,0.5,0.083,0.385,0.061,2,0,2,4,24,8,14,38,89.8,93.2,93.2,102.5,104.5,104.5,-12.6,-11.3,-11.3,0.4,2.4,38.7,0.0,0.163,0.082,16.1,15.9,0.143,0.173,0.198,93.72,91.13,75.94,91.13,0.042,88,2.0,14.0,0.571,0.429,0.8,0.0,0.0,0.4,0.2,0.4,0.8,0.0,1.0,0.0,0.0,0.0,1.0,CHI,1,15.0,0,3
2022-23,PHI,2023-03-29T00:00:00,W,38.35,4,14,0.286,2,6,0.333,5,7,0.714,2,2,4,12,2,3,0,0,3,7,15,3,44.8,1,0,39.0,1,0.226,0.138,0.222,0.182,0.231,0.217,0.25,0.286,0.091,0.138,0.6,0.286,0.375,0.0,0.0,0.25,0.35,0.163,0,2,0,4,11,8,13,28,122.1,122.7,122.7,115.8,120.3,120.3,6.3,2.4,2.4,0.48,6.0,38.7,0.054,0.061,0.057,6.5,6.4,0.357,0.439,0.232,95.22,93.25,77.71,93.25,0.097,75,4.0,14.0,0.571,0.429,0.267,0.0,0.4,0.0,0.333,0.0,0.267,0.0,1.0,0.5,0.5,0.25,0.75,DAL,1,23.0,0,5
2022-23,PHI,2023-03-31T00:00:00,W,37.1,9,14,0.643,3,6,0.5,2,2,1.0,1,2,3,11,6,2,1,1,2,2,23,8,46.1,1,0,46.0,1,0.273,0.281,0.255,0.333,0.273,0.105,0.1,0.143,0.105,0.115,0.524,0.462,0.4,0.167,0.5,0.143,0.125,0.25,2,2,5,12,15,18,13,40,131.8,137.3,137.3,119.9,125.4,125.4,11.9,11.9,11.9,0.478,1.83,34.4,0.042,0.059,0.052,18.8,18.8,0.75,0.773,0.272,90.46,86.68,72.24,86.68,0.162,67,9.0,14.0,0.571,0.429,0.522,0.0,0.391,0.217,0.087,0.087,0.522,0.167,0.833,0.0,1.0,0.111,0.889,TOR,1,11.0,0,23
2022-23,PHI,2023-04-02T00:00:00,L,34.3,4,9,0.444,1,3,0.333,2,2,1.0,1,1,2,6,5,1,0,2,3,3,11,-12,20.4,0,0,22.0,1,0.208,0.143,0.148,0.125,0.115,0.2,0.2,0.143,0.063,0.087,0.353,0.714,0.333,0.0,0.5,0.3,0.25,0.149,0,2,0,4,12,9,6,36,113.1,115.6,115.6,129.5,134.4,134.4,-16.4,-18.8,-18.8,0.25,1.2,28.6,0.03,0.043,0.036,23.8,23.9,0.5,0.557,0.206,92.22,89.56,74.64,89.56,0.04,64,4.0,9.0,0.667,0.333,0.545,0.182,0.273,0.0,0.182,0.0,0.364,0.333,0.667,0.0,1.0,0.25,0.75,MIL,0,20.0,0,15
2022-23,PHI,2023-04-04T00:00:00,W,40.016666666666666,7,17,0.412,4,9,0.444,2,2,1.0,0,5,5,10,0,1,2,1,1,5,20,-4,50.0,1,0,45.0,1,0.222,0.212,0.262,0.4,0.375,0.182,0.154,0.0,0.217,0.179,0.5,0.0,0.5,0.5,0.25,0.063,0.385,0.23,0,3,0,4,9,16,15,38,114.9,119.2,119.2,119.5,124.7,124.7,-4.6,-5.5,-5.5,0.385,0.0,35.7,0.0,0.116,0.066,0.0,0.0,0.529,0.559,0.222,91.09,87.56,72.97,87.56,0.16,73,7.0,17.0,0.471,0.529,0.3,0.1,0.6,0.0,0.1,0.0,0.2,0.0,1.0,0.0,1.0,0.0,1.0,BOS,1,14.0,0,1
